"row","plate","column","sampleID","mimicID","BarcodeSequence","LinkerPrimerSequence","BarcodePlate","Well","Description"
"A",1,"1",228,"mim01-G m1_v3_pd1","AGCCTTCGTCGC","GTGTGYCAGCMGCCGCGGTAA",1,"A1",228
"A",1,"2",367,"mim01-G  m2_v3_pd1","TCCATACCGGAA","GTGTGYCAGCMGCCGCGGTAA",1,"A2",367
"A",1,"3",238,"mim01-G m3_v3_pd1","AGCCCTGCTACA","GTGTGYCAGCMGCCGCGGTAA",1,"A3",238
"A",1,"4",199,"mim01-G m4_v3_igg","CCTAACGGTCCA","GTGTGYCAGCMGCCGCGGTAA",1,"A4",199
"A",1,"5",277,"mim01-G m5_v3_igg","CGCGCCTTAAAC","GTGTGYCAGCMGCCGCGGTAA",1,"A5",277
"A",1,"6",148,"mim01-G m1_v4_pd1","TATGGTACCCAG","GTGTGYCAGCMGCCGCGGTAA",1,"A6",148
"A",1,"7",133,"mim01-G m2_v4_pd1","TACAATATCTGT","GTGTGYCAGCMGCCGCGGTAA",1,"A7",133
"A",1,"8",373,"mim01-G m3_v4_pd1","AATTTAGGTAGG","GTGTGYCAGCMGCCGCGGTAA",1,"A8",373
"A",1,"9",231,"mim01-G m4_v4_igg","GACTCAACCAGT","GTGTGYCAGCMGCCGCGGTAA",1,"A9",231
"A",1,"10",174,"mim01-G md_v4_igg","GCCTCTACGTCG","GTGTGYCAGCMGCCGCGGTAA",1,"A10",174
"A",1,"11",395,"mim01-P m1_v3_pd1","ACTACTGAGGAT","GTGTGYCAGCMGCCGCGGTAA",1,"A11",395
"A",1,"12",92,"mim01-P  m2_v3_pd1","AATTCACCTCCT","GTGTGYCAGCMGCCGCGGTAA",1,"A12",92
"B",1,"1",372,"mim01-P m3_v3_pd1","CGTATAAATGCG","GTGTGYCAGCMGCCGCGGTAA",1,"B1",372
"B",1,"2",468,"mim01-P m4_v3_igg","ATGCTGCAACAC","GTGTGYCAGCMGCCGCGGTAA",1,"B2",468
"B",1,"3",156,"mim01-P m5_v3_igg","ACTCGCTCGCTG","GTGTGYCAGCMGCCGCGGTAA",1,"B3",156
"B",1,"4",450,"mim01-P m1_v4_pd1","TTCCTTAGTAGT","GTGTGYCAGCMGCCGCGGTAA",1,"B4",450
"B",1,"5",63,"mim01-P m2_v4_pd1","CGTCCGTATGAA","GTGTGYCAGCMGCCGCGGTAA",1,"B5",63
"B",1,"6",4,"mim01-P m3_v4_pd1","ACGTGAGGAACG","GTGTGYCAGCMGCCGCGGTAA",1,"B6",4
"B",1,"7",106,"mim01-P m4_v4_igg","GGTTGCCCTGTA","GTGTGYCAGCMGCCGCGGTAA",1,"B7",106
"B",1,"8",490,"mim01-P md_v4_igg","CATATAGCCCGA","GTGTGYCAGCMGCCGCGGTAA",1,"B8",490
"B",1,"9",263,"mim01-N m1_v3_pd1","GCCTATGAGATC","GTGTGYCAGCMGCCGCGGTAA",1,"B9",263
"B",1,"10",160,"mim01-N  m2_v3_pd1","CAAGTGAAGGGA","GTGTGYCAGCMGCCGCGGTAA",1,"B10",160
"B",1,"11",463,"mim01-N m3_v3_pd1","CACGTTTATTCC","GTGTGYCAGCMGCCGCGGTAA",1,"B11",463
"B",1,"12",46,"mim01-N m4_v3_igg","TAATCGGTGCCA","GTGTGYCAGCMGCCGCGGTAA",1,"B12",46
"C",1,"1",188,"mim01-N m5_v3_igg","TGACTAATGGCC","GTGTGYCAGCMGCCGCGGTAA",1,"C1",188
"C",1,"2",173,"mim01-N m1_v4_pd1","CGGGACACCCGA","GTGTGYCAGCMGCCGCGGTAA",1,"C2",173
"C",1,"3",154,"mim01-N m2_v4_pd1","CTGTCTATACTA","GTGTGYCAGCMGCCGCGGTAA",1,"C3",154
"C",1,"4",240,"mim01-N m3_v4_pd1","TATGCCAGAGAT","GTGTGYCAGCMGCCGCGGTAA",1,"C4",240
"C",1,"5",484,"mim01-N m4_v4_igg","CGTTTGGAATGA","GTGTGYCAGCMGCCGCGGTAA",1,"C5",484
"C",1,"6",338,"mim01-N md_v4_igg","AAGAACTCATGA","GTGTGYCAGCMGCCGCGGTAA",1,"C6",338
"C",1,"7",493,"mim02-B m1_pd1_sal","TGATATCGTCTT","GTGTGYCAGCMGCCGCGGTAA",1,"C7",493
"C",1,"8",289,"mim02-B m2_pd1_sal","CGGTGACCTACT","GTGTGYCAGCMGCCGCGGTAA",1,"C8",289
"C",1,"9",308,"mim02-B m3_pd1_sal","AATGCGCGTATA","GTGTGYCAGCMGCCGCGGTAA",1,"C9",308
"C",1,"10",318,"mim02-B m1_igg_sal","CTTGATTCTTGA","GTGTGYCAGCMGCCGCGGTAA",1,"C10",318
"C",1,"11",132,"mim02-B m2_igg_sal","GAAATCTTGAAG","GTGTGYCAGCMGCCGCGGTAA",1,"C11",132
"C",1,"12",329,"mim02-B m4_igg_sal","GAGATACAGTTC","GTGTGYCAGCMGCCGCGGTAA",1,"C12",329
"D",1,"1",157,"mim02-B m1_pd1_NR","GTGGAGTCTCAT","GTGTGYCAGCMGCCGCGGTAA",1,"D1",157
"D",1,"2",126,"mim02-B m3_pd1_NR","ACCTTACACCTT","GTGTGYCAGCMGCCGCGGTAA",1,"D2",126
"D",1,"3",363,"mim02-B m4_pd1_NR","TAATCTCGCCGG","GTGTGYCAGCMGCCGCGGTAA",1,"D3",363
"D",1,"4",97,"mim02-B m2_igg_NR","ATCTAGTGGCAA","GTGTGYCAGCMGCCGCGGTAA",1,"D4",97
"D",1,"5",457,"mim02-B m3_igg_NR","ACGCTTAACGAC","GTGTGYCAGCMGCCGCGGTAA",1,"D5",457
"D",1,"6",285,"mim02-B m4_igg_NR","TACGGATTATGG","GTGTGYCAGCMGCCGCGGTAA",1,"D6",285
"D",1,"7",50,"mim02-W m1_pd1_sal","ATACATGCAAGA","GTGTGYCAGCMGCCGCGGTAA",1,"D7",50
"D",1,"8",459,"mim02-W m2_pd1_sal","CTTAGTGCAGAA","GTGTGYCAGCMGCCGCGGTAA",1,"D8",459
"D",1,"9",320,"mim02-W m3_pd1_sal","AATCTTGCGCCG","GTGTGYCAGCMGCCGCGGTAA",1,"D9",320
"D",1,"10",447,"mim02-W m1_igg_sal","AGGATCAGGGAA","GTGTGYCAGCMGCCGCGGTAA",1,"D10",447
"D",1,"11",424,"mim02-W m2_igg_sal","AATAACTAGGGT","GTGTGYCAGCMGCCGCGGTAA",1,"D11",424
"D",1,"12",51,"mim02-W m4_igg_sal","TATTGCAGCAGC","GTGTGYCAGCMGCCGCGGTAA",1,"D12",51
"E",1,"1",137,"mim02-W m1_pd1_NR","TGATGTGCTAAG","GTGTGYCAGCMGCCGCGGTAA",1,"E1",137
"E",1,"2",128,"mim02-W m3_pd1_NR","GTAGTAGACCAT","GTGTGYCAGCMGCCGCGGTAA",1,"E2",128
"E",1,"3",42,"mim02-W m4_pd1_NR","AGTAAAGATCGT","GTGTGYCAGCMGCCGCGGTAA",1,"E3",42
"E",1,"4",251,"mim02-W m2_igg_NR","CTCGCCCTCGCC","GTGTGYCAGCMGCCGCGGTAA",1,"E4",251
"E",1,"5",436,"mim02-W m3_igg_NR","TCTCTTTCGACA","GTGTGYCAGCMGCCGCGGTAA",1,"E5",436
"E",1,"6",206,"mim02-W m4_igg_NR","ACATACTGAGCA","GTGTGYCAGCMGCCGCGGTAA",1,"E6",206
"E",1,"7",218,"mim16-B m1c1","GTTGATACGATG","GTGTGYCAGCMGCCGCGGTAA",1,"E7",218
"E",1,"8",460,"mim16-B m2c1","GTCAACGCTGTC","GTGTGYCAGCMGCCGCGGTAA",1,"E8",460
"E",1,"9",175,"mim16-B m3c1","TGAGACCCTACA","GTGTGYCAGCMGCCGCGGTAA",1,"E9",175
"E",1,"10",423,"mim16-B m1c2","ACTTGGTGTAAG","GTGTGYCAGCMGCCGCGGTAA",1,"E10",423
"E",1,"11",45,"mim16-B m2c2","ATTACGTATCAT","GTGTGYCAGCMGCCGCGGTAA",1,"E11",45
"E",1,"12",18,"mim16-B m3c2","CACGCAGTCTAC","GTGTGYCAGCMGCCGCGGTAA",1,"E12",18
"F",1,"1",507,"mim16-B m1c3","TGTGCACGCCAT","GTGTGYCAGCMGCCGCGGTAA",1,"F1",507
"F",1,"2",380,"mim16-B m2c3","CCGGACAAGAAG","GTGTGYCAGCMGCCGCGGTAA",1,"F2",380
"F",1,"3",264,"mim16-B m3c3","TTGCTGGACGCT","GTGTGYCAGCMGCCGCGGTAA",1,"F3",264
"F",1,"4",340,"mim16-B m1c4","TACTAACGCGGT","GTGTGYCAGCMGCCGCGGTAA",1,"F4",340
"F",1,"5",224,"mim16-B m2c4","GCGATCACACCT","GTGTGYCAGCMGCCGCGGTAA",1,"F5",224
"F",1,"6",151,"mim16-B m3c4","CAAACGCACTAA","GTGTGYCAGCMGCCGCGGTAA",1,"F6",151
"F",1,"7",516,"mim15-G m1c1","GAAGAGGGTTGA","GTGTGYCAGCMGCCGCGGTAA",1,"F7",516
"F",1,"8",498,"mim15-G m2c1","TGAGTGGTCTGT","GTGTGYCAGCMGCCGCGGTAA",1,"F8",498
"F",1,"9",351,"mim15-G m3c1","TTACACAAAGGC","GTGTGYCAGCMGCCGCGGTAA",1,"F9",351
"F",1,"10",25,"mim15-G m1c2","ACGACGCATTTG","GTGTGYCAGCMGCCGCGGTAA",1,"F10",25
"F",1,"11",120,"mim15-G m2c2","TATCCAAGCGCA","GTGTGYCAGCMGCCGCGGTAA",1,"F11",120
"F",1,"12",482,"mim15-G m3c2","AGAGCCAAGAGC","GTGTGYCAGCMGCCGCGGTAA",1,"F12",482
"G",1,"1",458,"mim15-G m1c3","GGTGAGCAAGCA","GTGTGYCAGCMGCCGCGGTAA",1,"G1",458
"G",1,"2",343,"mim15-G m2c3","TAAATATACCCT","GTGTGYCAGCMGCCGCGGTAA",1,"G2",343
"G",1,"3",407,"mim15-G m3c3","TTGCGGACCCTA","GTGTGYCAGCMGCCGCGGTAA",1,"G3",407
"G",1,"4",283,"mim15-G m1c4","GTCGTCCAAATG","GTGTGYCAGCMGCCGCGGTAA",1,"G4",283
"G",1,"5",198,"mim15-G m2c4","TGCACAGTCGCT","GTGTGYCAGCMGCCGCGGTAA",1,"G5",198
"G",1,"6",6,"mim15-G m3c4","TTACTGTGGCCG","GTGTGYCAGCMGCCGCGGTAA",1,"G6",6
"G",1,"7",47,"mim02-P m1_pd1_sal","GGTTCATGAACA","GTGTGYCAGCMGCCGCGGTAA",1,"G7",47
"G",1,"8",108,"mim02-P m2_pd1_sal","TAACAATAATTC","GTGTGYCAGCMGCCGCGGTAA",1,"G8",108
"G",1,"9",196,"mim02-P m3_pd1_sal","CTTATTAAACGT","GTGTGYCAGCMGCCGCGGTAA",1,"G9",196
"G",1,"10",270,"mim02-P m1_igg_sal","GCTCGAAGATTC","GTGTGYCAGCMGCCGCGGTAA",1,"G10",270
"G",1,"11",453,"mim02-P m2_igg_sal","TATTTGATTGGT","GTGTGYCAGCMGCCGCGGTAA",1,"G11",453
"G",1,"12",472,"mim02-P m4_igg_sal","TGTCAAAGTGAC","GTGTGYCAGCMGCCGCGGTAA",1,"G12",472
"H",1,"1",266,"mim02-P m1_pd1_NR","CTATGTATTAGT","GTGTGYCAGCMGCCGCGGTAA",1,"H1",266
"H",1,"2",409,"mim02-P m3_pd1_NR","ACTCCCGTGTGA","GTGTGYCAGCMGCCGCGGTAA",1,"H2",409
"H",1,"3",364,"mim02-P m4_pd1_NR","CGGTATAGCAAT","GTGTGYCAGCMGCCGCGGTAA",1,"H3",364
"H",1,"4",202,"mim02-P m2_igg_NR","GACTCTGCTCAG","GTGTGYCAGCMGCCGCGGTAA",1,"H4",202
"H",1,"5",16,"mim02-P m3_igg_NR","GTCATGCTCCAG","GTGTGYCAGCMGCCGCGGTAA",1,"H5",16
"H",1,"6",376,"mim02-P m4_igg_NR","TACCGAAGGTAT","GTGTGYCAGCMGCCGCGGTAA",1,"H6",376
"H",1,"7",497,"mimic02-N m3_pd1_NR","TGAGTATGAGTA","GTGTGYCAGCMGCCGCGGTAA",1,"H7",497
"H",1,"8",121,"mimic02-N m4_pd1_NR","AATGGTTCAGCA","GTGTGYCAGCMGCCGCGGTAA",1,"H8",121
"H",1,"9",313,"mimic02-N m1_pd1_sal","GAACCAGTACTC","GTGTGYCAGCMGCCGCGGTAA",1,"H9",313
"H",1,"10",232,"mimic02-N m2_pd1_sal","CGCACCCATACA","GTGTGYCAGCMGCCGCGGTAA",1,"H10",232
"H",1,"11",254,"mimic02-N m3_pd1_sal","GTGCCATAATCG","GTGTGYCAGCMGCCGCGGTAA",1,"H11",254
"H",1,"12",312,"mimic02-N m2_igg_sal","ACTCTTACTTAG","GTGTGYCAGCMGCCGCGGTAA",1,"H12",312
"A",2,"1",123,"mimic02-N m3_igg_NR","CCGCCGTAGGGC","GTGTGYCAGCMGCCGCGGTAA",12,"A1",123
"A",2,"2",379,"mimic02-N m4_igg_NR","ACGCGTGCCCGG","GTGTGYCAGCMGCCGCGGTAA",12,"A2",379
"A",2,"3",203,"mimic02-N m1_igg_NR","CACTTAAGAGAA","GTGTGYCAGCMGCCGCGGTAA",12,"A3",203
"A",2,"4",250,"mim03-B m1_cg1","CAGAAGGTGTGG","GTGTGYCAGCMGCCGCGGTAA",12,"A4",250
"A",2,"5",140,"mim03-B m2_cg1","GAGCCTCCCTCC","GTGTGYCAGCMGCCGCGGTAA",12,"A5",140
"A",2,"6",61,"mim03-B m3_cg1","ACTTTCTTCGAA","GTGTGYCAGCMGCCGCGGTAA",12,"A6",61
"A",2,"7",134,"mim03-B m1_cg2","CGCCGCCAGGTG","GTGTGYCAGCMGCCGCGGTAA",12,"A7",134
"A",2,"8",512,"mim03-B m2_cg2","CGACTGCAGCTT","GTGTGYCAGCMGCCGCGGTAA",12,"A8",512
"A",2,"9",65,"mim03-B m3_cg2","ACCGTCTTTCTC","GTGTGYCAGCMGCCGCGGTAA",12,"A9",65
"A",2,"10",144,"mim03-B m1_cg3","ATTACTACACTC","GTGTGYCAGCMGCCGCGGTAA",12,"A10",144
"A",2,"11",412,"mim03-B m2_cg3","ATTTAATCATCG","GTGTGYCAGCMGCCGCGGTAA",12,"A11",412
"A",2,"12",28,"mim03-B m3_cg3","TCGTGACGCTAA","GTGTGYCAGCMGCCGCGGTAA",12,"A12",28
"B",2,"1",398,"mim03-B m1_cg4","GTCCACTTGGAC","GTGTGYCAGCMGCCGCGGTAA",12,"B1",398
"B",2,"2",169,"mim03-B m2_cg4","TCAAACTTTCGT","GTGTGYCAGCMGCCGCGGTAA",12,"B2",169
"B",2,"3",348,"mim03-B m3_cg4","AGGTACGCAATT","GTGTGYCAGCMGCCGCGGTAA",12,"B3",348
"B",2,"4",477,"mim16-N m1c1","CGTGGAAGACGA","GTGTGYCAGCMGCCGCGGTAA",12,"B4",477
"B",2,"5",58,"mim16-N m2c1","GAATAAGCTGAT","GTGTGYCAGCMGCCGCGGTAA",12,"B5",58
"B",2,"6",152,"mim16-N m3c1","AGAATAGCGCTT","GTGTGYCAGCMGCCGCGGTAA",12,"B6",152
"B",2,"7",347,"mim16-N m1c2","AGGTCCAAATCA","GTGTGYCAGCMGCCGCGGTAA",12,"B7",347
"B",2,"8",179,"mim16-N m2c2","AACGAATACCAC","GTGTGYCAGCMGCCGCGGTAA",12,"B8",179
"B",2,"9",141,"mim16-N m3c2","CTCGACTGCCTG","GTGTGYCAGCMGCCGCGGTAA",12,"B9",141
"B",2,"10",195,"mim16-N m1c3","AGAAACAGCTCT","GTGTGYCAGCMGCCGCGGTAA",12,"B10",195
"B",2,"11",517,"mim16-N m2c3","TGCGCAAAGGAG","GTGTGYCAGCMGCCGCGGTAA",12,"B11",517
"B",2,"12",339,"mim16-N m3c3","CCGAAGATTCTG","GTGTGYCAGCMGCCGCGGTAA",12,"B12",339
"C",2,"1",496,"mim16-N m1c4","GCAGGCCCACGA","GTGTGYCAGCMGCCGCGGTAA",12,"C1",496
"C",2,"2",204,"mim05-B c1","ATGAATGCGTCC","GTGTGYCAGCMGCCGCGGTAA",12,"C2",204
"C",2,"3",205,"mim05-B c2","CGGTTCACATAG","GTGTGYCAGCMGCCGCGGTAA",12,"C3",205
"C",2,"4",82,"mim03-G m1_cg1","CAGAGGCAGGCT","GTGTGYCAGCMGCCGCGGTAA",12,"C4",82
"C",2,"5",76,"mim03-G m2_cg1","GAGGCTGATTTA","GTGTGYCAGCMGCCGCGGTAA",12,"C5",76
"C",2,"6",287,"mim03-G m3_cg1","TGAGCTGCGGGA","GTGTGYCAGCMGCCGCGGTAA",12,"C6",287
"C",2,"7",69,"mim03-G m1_cg2","TAGTTGAGCTGA","GTGTGYCAGCMGCCGCGGTAA",12,"C7",69
"C",2,"8",503,"mim03-G m2_cg2","CCATTAGTTCCT","GTGTGYCAGCMGCCGCGGTAA",12,"C8",503
"C",2,"9",66,"mim03-G m3_cg2","TTGATAGTCTTA","GTGTGYCAGCMGCCGCGGTAA",12,"C9",66
"C",2,"10",291,"mim03-G m1_cg3","CGCCCTCTTCTT","GTGTGYCAGCMGCCGCGGTAA",12,"C10",291
"C",2,"11",159,"mim03-G m2_cg3","TCACCTCCTTGT","GTGTGYCAGCMGCCGCGGTAA",12,"C11",159
"C",2,"12",335,"mim03-G m3_cg3","CGGTGCGAAAGC","GTGTGYCAGCMGCCGCGGTAA",12,"C12",335
"D",2,"1",85,"mim03-G m1_cg4","ACAGAGAATTAC","GTGTGYCAGCMGCCGCGGTAA",12,"D1",85
"D",2,"2",220,"mim03-G m2_cg4","CGGGCACCGGTC","GTGTGYCAGCMGCCGCGGTAA",12,"D2",220
"D",2,"3",401,"mim03-G m3_cg4","GTGTACATAACG","GTGTGYCAGCMGCCGCGGTAA",12,"D3",401
"D",2,"4",488,"mim03-P m2_cg1","TTCTTTGCAATG","GTGTGYCAGCMGCCGCGGTAA",12,"D4",488
"D",2,"5",39,"mim03-P m3_cg1","GACTTATGCCCG","GTGTGYCAGCMGCCGCGGTAA",12,"D5",39
"D",2,"6",483,"mim03-P m1_cg2","GACTAGTCAGCT","GTGTGYCAGCMGCCGCGGTAA",12,"D6",483
"D",2,"7",506,"mim03-P m2_cg2","CGTCTTTGATAT","GTGTGYCAGCMGCCGCGGTAA",12,"D7",506
"D",2,"8",325,"mim03-P m3_cg2","CAGTGATACTGC","GTGTGYCAGCMGCCGCGGTAA",12,"D8",325
"D",2,"9",389,"mim03-P m2_cg3","ATAGATCAGAAC","GTGTGYCAGCMGCCGCGGTAA",12,"D9",389
"D",2,"10",368,"mim03-P m3_cg3","AAGGACCGTTTC","GTGTGYCAGCMGCCGCGGTAA",12,"D10",368
"D",2,"11",286,"mim03-P m4_cg4","GCGTCTCGTCCA","GTGTGYCAGCMGCCGCGGTAA",12,"D11",286
"D",2,"12",366,"mim03-N m2_cg1","CCGCTACGTGAT","GTGTGYCAGCMGCCGCGGTAA",12,"D12",366
"E",2,"1",21,"mim03-N m3_cg1","TAGCAAGGTATA","GTGTGYCAGCMGCCGCGGTAA",12,"E1",21
"E",2,"2",29,"mim03-N m1_cg2","ATATTTCATGGT","GTGTGYCAGCMGCCGCGGTAA",12,"E2",29
"E",2,"3",44,"mim03-N m2_cg2","GATTAATGGAAC","GTGTGYCAGCMGCCGCGGTAA",12,"E3",44
"E",2,"4",180,"mim03-N m3_cg2","CCTACATGAGAC","GTGTGYCAGCMGCCGCGGTAA",12,"E4",180
"E",2,"5",178,"mim03-N m2_cg3","ATCGGGCTTAAC","GTGTGYCAGCMGCCGCGGTAA",12,"E5",178
"E",2,"6",187,"mim03-N m4_cg4","AGAGGTATTTGA","GTGTGYCAGCMGCCGCGGTAA",12,"E6",187
"E",2,"7",35,"mim08-B m1_cg1","CACCTGTAGTAG","GTGTGYCAGCMGCCGCGGTAA",12,"E7",35
"E",2,"8",259,"mim08-B m2_cg1","CGGACATGCGGA","GTGTGYCAGCMGCCGCGGTAA",12,"E8",259
"E",2,"9",37,"mim08-B m3_cg1","AGTCCTTTATCC","GTGTGYCAGCMGCCGCGGTAA",12,"E9",37
"E",2,"10",280,"mim08-B m1_cg2","GTAGCACTCATG","GTGTGYCAGCMGCCGCGGTAA",12,"E10",280
"E",2,"11",32,"mim08-B m2_cg2","TTGAATCCTAAT","GTGTGYCAGCMGCCGCGGTAA",12,"E11",32
"E",2,"12",244,"mim08-B m3_cg2","GACAAGAAGGTG","GTGTGYCAGCMGCCGCGGTAA",12,"E12",244
"F",2,"1",256,"mim08-B m1_cg3","GTATAGTCCGTG","GTGTGYCAGCMGCCGCGGTAA",12,"F1",256
"F",2,"2",247,"mim08-B m2_cg3","CCTGTAGGTTGC","GTGTGYCAGCMGCCGCGGTAA",12,"F2",247
"F",2,"3",304,"mim08-B m3_cg3","TACGTCGTTATT","GTGTGYCAGCMGCCGCGGTAA",12,"F3",304
"F",2,"4",197,"mim08-B m1_cg4","GAGTAGGGCACC","GTGTGYCAGCMGCCGCGGTAA",12,"F4",197
"F",2,"5",165,"mim08-B m2_cg4","CATTACTTATGC","GTGTGYCAGCMGCCGCGGTAA",12,"F5",165
"F",2,"6",33,"mim08-B m3_cg4","CACGTCGCGGAG","GTGTGYCAGCMGCCGCGGTAA",12,"F6",33
"F",2,"7",515,"mim08-G m1_cg1","CGTTACCGGACT","GTGTGYCAGCMGCCGCGGTAA",12,"F7",515
"F",2,"8",1,"mim08-G m2_cg1","GGACTCAACTAA","GTGTGYCAGCMGCCGCGGTAA",12,"F8",1
"F",2,"9",164,"mim08-G m3_cg1","CGTTAAGTCAGC","GTGTGYCAGCMGCCGCGGTAA",12,"F9",164
"F",2,"10",163,"mim08-G m1_cg2","TTATAGATCTCC","GTGTGYCAGCMGCCGCGGTAA",12,"F10",163
"F",2,"11",14,"mim08-G m2_cg2","GGTAGCGACGCC","GTGTGYCAGCMGCCGCGGTAA",12,"F11",14
"F",2,"12",341,"mim08-G m3_cg2","CACGAGCTACTC","GTGTGYCAGCMGCCGCGGTAA",12,"F12",341
"G",2,"1",227,"mim08-G m1_cg4","ATGAGATGATAC","GTGTGYCAGCMGCCGCGGTAA",12,"G1",227
"G",2,"2",237,"mim08-G m2_cg4","ATTAGCAGCGTA","GTGTGYCAGCMGCCGCGGTAA",12,"G2",237
"G",2,"3",145,"mim08-G m3_cg4","CTGTCGTGTCAG","GTGTGYCAGCMGCCGCGGTAA",12,"G3",145
"G",2,"4",336,"mim08-P m1_cg1","TTCAAGTTCGTT","GTGTGYCAGCMGCCGCGGTAA",12,"G4",336
"G",2,"5",212,"mim08-P m2_cg1","TCTGGGCATTGA","GTGTGYCAGCMGCCGCGGTAA",12,"G5",212
"G",2,"6",131,"mim08-P m3_cg1","GCGGTACTACTA","GTGTGYCAGCMGCCGCGGTAA",12,"G6",131
"G",2,"7",279,"mim08-P m1_cg2","GTCCTGACACTG","GTGTGYCAGCMGCCGCGGTAA",12,"G7",279
"G",2,"8",470,"mim08-P m2_cg2","GATGACCCAAAT","GTGTGYCAGCMGCCGCGGTAA",12,"G8",470
"G",2,"9",435,"mim08-P m3_cg2","GACTAAGACTAA","GTGTGYCAGCMGCCGCGGTAA",12,"G9",435
"G",2,"10",438,"mim08-P m1_cg4","ATCACTCTTGTA","GTGTGYCAGCMGCCGCGGTAA",12,"G10",438
"G",2,"11",403,"mim08-P m2_cg4","GTGTAGGTGCTT","GTGTGYCAGCMGCCGCGGTAA",12,"G11",403
"G",2,"12",369,"mim08-P m3_cg4","AGTCTGTCTGCG","GTGTGYCAGCMGCCGCGGTAA",12,"G12",369
"H",2,"1",305,"mim08-N m1_cg1","TGGGAGGTGGTA","GTGTGYCAGCMGCCGCGGTAA",12,"H1",305
"H",2,"2",267,"mim08-N m2_cg1","TTGAGCTTGAGC","GTGTGYCAGCMGCCGCGGTAA",12,"H2",267
"H",2,"3",281,"mim08-N m3_cg1","CTAGGATCACTG","GTGTGYCAGCMGCCGCGGTAA",12,"H3",281
"H",2,"4",86,"mim08-N m1_cg2","ACGGGTCATCAT","GTGTGYCAGCMGCCGCGGTAA",12,"H4",86
"H",2,"5",110,"mim08-N m2_cg2","CACACTGAAGTC","GTGTGYCAGCMGCCGCGGTAA",12,"H5",110
"H",2,"6",150,"mim08-N m3_cg2","ACCCACCACTAG","GTGTGYCAGCMGCCGCGGTAA",12,"H6",150
"H",2,"7",143,"mim08-N m1_cg4","TCGACATCTCTT","GTGTGYCAGCMGCCGCGGTAA",12,"H7",143
"H",2,"8",393,"mim08-N m2_cg4","ACGTGGTTCCAC","GTGTGYCAGCMGCCGCGGTAA",12,"H8",393
"H",2,"9",396,"mim08-N m3_cg4","ATCAATTGTCCT","GTGTGYCAGCMGCCGCGGTAA",12,"H9",396
"H",2,"10",442,"mim10-B m1c1","AGGCAGGGCCAT","GTGTGYCAGCMGCCGCGGTAA",12,"H10",442
"H",2,"11",117,"mim10-B m2c1","CAACAGGTAACT","GTGTGYCAGCMGCCGCGGTAA",12,"H11",117
"H",2,"12",31,"mim10-B m3c1","GCTGTTTGACCG","GTGTGYCAGCMGCCGCGGTAA",12,"H12",31
"A",3,"1",43,"mim10-B m1c2","TCAGCCTCAGCC","GTGTGYCAGCMGCCGCGGTAA",14,"A1",43
"A",3,"2",84,"mim10-B m2c2","TGCAGGGAACCG","GTGTGYCAGCMGCCGCGGTAA",14,"A2",84
"A",3,"3",56,"mim10-B m3c2","CAGCGCGGCTAG","GTGTGYCAGCMGCCGCGGTAA",14,"A3",56
"A",3,"4",127,"mim10-B m1c3","ATGGACCTAGCT","GTGTGYCAGCMGCCGCGGTAA",14,"A4",127
"A",3,"5",310,"mim10-B m2c3","CTAGCCCGTTCG","GTGTGYCAGCMGCCGCGGTAA",14,"A5",310
"A",3,"6",331,"mim10-B m3c3","ACGGGCACGACA","GTGTGYCAGCMGCCGCGGTAA",14,"A6",331
"A",3,"7",466,"mim10-B m1c4","TACGAGCCCTAA","GTGTGYCAGCMGCCGCGGTAA",14,"A7",466
"A",3,"8",381,"mim10-B m2c4","CAATGGTTTCTT","GTGTGYCAGCMGCCGCGGTAA",14,"A8",381
"A",3,"9",282,"mim10-B m3c4","ACCCAGTATGGT","GTGTGYCAGCMGCCGCGGTAA",14,"A9",282
"A",3,"10",294,"mim10-M m1c1","GAACAGCTCTAC","GTGTGYCAGCMGCCGCGGTAA",14,"A10",294
"A",3,"11",38,"mim10-M m2c1","GACGACATTTAG","GTGTGYCAGCMGCCGCGGTAA",14,"A11",38
"A",3,"12",75,"mim10-M m3c1","GCAGACGGAACC","GTGTGYCAGCMGCCGCGGTAA",14,"A12",75
"B",3,"1",23,"mim10-M m1c2","ATTGATATTGAT","GTGTGYCAGCMGCCGCGGTAA",14,"B1",23
"B",3,"2",62,"mim10-M m2c2","GACTGGAGATGG","GTGTGYCAGCMGCCGCGGTAA",14,"B2",62
"B",3,"3",315,"mim10-M m3c2","CGCCCGGGACAC","GTGTGYCAGCMGCCGCGGTAA",14,"B3",315
"B",3,"4",79,"mim10-M m1c3","CGCTCTTAACGG","GTGTGYCAGCMGCCGCGGTAA",14,"B4",79
"B",3,"5",249,"mim10-M m2c3","TATTAGCCTATC","GTGTGYCAGCMGCCGCGGTAA",14,"B5",249
"B",3,"6",116,"mim10-M m3c3","GTATTTCGGACG","GTGTGYCAGCMGCCGCGGTAA",14,"B6",116
"B",3,"7",302,"mim10-M m1c4","ACTAGCGTTCAG","GTGTGYCAGCMGCCGCGGTAA",14,"B7",302
"B",3,"8",146,"mim10-M m2c4","TCCGTATGCGCC","GTGTGYCAGCMGCCGCGGTAA",14,"B8",146
"B",3,"9",433,"mim10-M m3c4","AGGTTAAGTGCT","GTGTGYCAGCMGCCGCGGTAA",14,"B9",433
"B",3,"10",489,"mim10-P m1c1","GATTATCGACGA","GTGTGYCAGCMGCCGCGGTAA",14,"B10",489
"B",3,"11",345,"mim10-P m2c1","GTCCCGTGAAAT","GTGTGYCAGCMGCCGCGGTAA",14,"B11",345
"B",3,"12",135,"mim10-P m3c1","CTGACGATCCGT","GTGTGYCAGCMGCCGCGGTAA",14,"B12",135
"C",3,"1",119,"mim10-P m1c2","ATGGAGTTGTTG","GTGTGYCAGCMGCCGCGGTAA",14,"C1",119
"C",3,"2",211,"mim10-P m2c2","CACTTCTTTGTG","GTGTGYCAGCMGCCGCGGTAA",14,"C2",211
"C",3,"3",349,"mim10-P m3c2","CTCGGATAGATC","GTGTGYCAGCMGCCGCGGTAA",14,"C3",349
"C",3,"4",48,"mim10-P m1c3","TAAACAATCAGG","GTGTGYCAGCMGCCGCGGTAA",14,"C4",48
"C",3,"5",321,"mim10-P m2c3","ACTAGACGACTA","GTGTGYCAGCMGCCGCGGTAA",14,"C5",321
"C",3,"6",91,"mim10-P m3c3","GTAATGCGTAAC","GTGTGYCAGCMGCCGCGGTAA",14,"C6",91
"C",3,"7",358,"mim10-P m1c4","CGCGTTCCCAGT","GTGTGYCAGCMGCCGCGGTAA",14,"C7",358
"C",3,"8",242,"mim10-P m2c4","TGTACCAACCGA","GTGTGYCAGCMGCCGCGGTAA",14,"C8",242
"C",3,"9",72,"mim10-N m1c1","GTATGGAGCTAT","GTGTGYCAGCMGCCGCGGTAA",14,"C9",72
"C",3,"10",102,"mim10-N m2c1","CGGGCTTCATCA","GTGTGYCAGCMGCCGCGGTAA",14,"C10",102
"C",3,"11",284,"mim10-N m3c1","TGCCATTAGAGC","GTGTGYCAGCMGCCGCGGTAA",14,"C11",284
"C",3,"12",34,"mim10-N m1c2","CCGATCTCCGAC","GTGTGYCAGCMGCCGCGGTAA",14,"C12",34
"D",3,"1",190,"mim10-N m2c2","GCAGCGGTGGCT","GTGTGYCAGCMGCCGCGGTAA",14,"D1",190
"D",3,"2",397,"mim10-N m3c2","TAGCGGAAGACG","GTGTGYCAGCMGCCGCGGTAA",14,"D2",397
"D",3,"3",362,"mim10-N m1c3","TCCATTTCATGC","GTGTGYCAGCMGCCGCGGTAA",14,"D3",362
"D",3,"4",87,"mim10-N m2c3","TAGTTACTAGTT","GTGTGYCAGCMGCCGCGGTAA",14,"D4",87
"D",3,"5",386,"mim10-N m3c3","TCACGCCGGAGG","GTGTGYCAGCMGCCGCGGTAA",14,"D5",386
"D",3,"6",248,"mim10-N m1c4","GGTCCGAAGCCG","GTGTGYCAGCMGCCGCGGTAA",14,"D6",248
"D",3,"7",70,"mim10-N m2c4","CCGGTCCGGGCA","GTGTGYCAGCMGCCGCGGTAA",14,"D7",70
"D",3,"8",478,"mim11-B m1c1","CAGCCGCATATC","GTGTGYCAGCMGCCGCGGTAA",14,"D8",478
"D",3,"9",361,"mim11-B m2c1","GCGTCGGTACGG","GTGTGYCAGCMGCCGCGGTAA",14,"D9",361
"D",3,"10",236,"mim11-B m3c1","AGTGACTGTCAA","GTGTGYCAGCMGCCGCGGTAA",14,"D10",236
"D",3,"11",13,"mim11-B m1c2","CGTGTGTGCTCA","GTGTGYCAGCMGCCGCGGTAA",14,"D11",13
"D",3,"12",426,"mim11-B m2c2","ACTTACGCCACG","GTGTGYCAGCMGCCGCGGTAA",14,"D12",426
"E",3,"1",73,"mim11-B m3c2","GTAACCACCACC","GTGTGYCAGCMGCCGCGGTAA",14,"E1",73
"E",3,"2",427,"mim11-B m1c3","CTGTGTCCATGG","GTGTGYCAGCMGCCGCGGTAA",14,"E2",427
"E",3,"3",510,"mim11-B m2c3","TGAAGTCACAGT","GTGTGYCAGCMGCCGCGGTAA",14,"E3",510
"E",3,"4",454,"mim11-B m3c3","GACCGATAGGGA","GTGTGYCAGCMGCCGCGGTAA",14,"E4",454
"E",3,"5",502,"mim11-B m1c4","GATGAGTCGCGG","GTGTGYCAGCMGCCGCGGTAA",14,"E5",502
"E",3,"6",356,"mim11-B m2c4","GTGCTCTGTGCC","GTGTGYCAGCMGCCGCGGTAA",14,"E6",356
"E",3,"7",208,"mim11-B m3c4","TAACACACTTAT","GTGTGYCAGCMGCCGCGGTAA",14,"E7",208
"E",3,"8",415,"mim11-G m1c1","GTGTTTAACTCT","GTGTGYCAGCMGCCGCGGTAA",14,"E8",415
"E",3,"9",90,"mim11-G m2c1","GCCCGACATATA","GTGTGYCAGCMGCCGCGGTAA",14,"E9",90
"E",3,"10",327,"mim11-G m3c1","AGTACTGCCTGC","GTGTGYCAGCMGCCGCGGTAA",14,"E10",327
"E",3,"11",328,"mim11-G m1c2","AGCTAAATGGAT","GTGTGYCAGCMGCCGCGGTAA",14,"E11",328
"E",3,"12",495,"mim11-G m2c2","AGTTACGAGCTA","GTGTGYCAGCMGCCGCGGTAA",14,"E12",495
"F",3,"1",359,"mim11-G m3c2","TCTATTGTTAGA","GTGTGYCAGCMGCCGCGGTAA",14,"F1",359
"F",3,"2",2,"mim11-G m1c3","TCAATACAATAT","GTGTGYCAGCMGCCGCGGTAA",14,"F2",2
"F",3,"3",293,"mim11-G m2c3","GAATACCAAGTC","GTGTGYCAGCMGCCGCGGTAA",14,"F3",293
"F",3,"4",295,"mim11-G m3c3","CATGTGCTTAGG","GTGTGYCAGCMGCCGCGGTAA",14,"F4",295
"F",3,"5",428,"mim11-G m1c4","TGACCTCAAGAC","GTGTGYCAGCMGCCGCGGTAA",14,"F5",428
"F",3,"6",88,"mim11-G m2c4","GAACGTCCGGAG","GTGTGYCAGCMGCCGCGGTAA",14,"F6",88
"F",3,"7",431,"mim11-G m3c4","CTTGCATACCGG","GTGTGYCAGCMGCCGCGGTAA",14,"F7",431
"F",3,"8",443,"mim11-P m1c1","CTGTCCCGCAGT","GTGTGYCAGCMGCCGCGGTAA",14,"F8",443
"F",3,"9",176,"mim11-P m2c1","GACGATCGGGCC","GTGTGYCAGCMGCCGCGGTAA",14,"F9",176
"F",3,"10",505,"mim11-P m3c1","GGTTGTAAGTGT","GTGTGYCAGCMGCCGCGGTAA",14,"F10",505
"F",3,"11",186,"mim11-P m1c2","CATGGGTGTTAC","GTGTGYCAGCMGCCGCGGTAA",14,"F11",186
"F",3,"12",129,"mim11-P m2c2","GTGCATTCGCCA","GTGTGYCAGCMGCCGCGGTAA",14,"F12",129
"G",3,"1",322,"mim11-P m3c2","CGATCCGATCTG","GTGTGYCAGCMGCCGCGGTAA",14,"G1",322
"G",3,"2",95,"mim11-P m1c3","TCCTGAACACAG","GTGTGYCAGCMGCCGCGGTAA",14,"G2",95
"G",3,"3",390,"mim11-P m2c3","TAAACGCGACTC","GTGTGYCAGCMGCCGCGGTAA",14,"G3",390
"G",3,"4",410,"mim11-P m3c3","ACCTAGCTAGTG","GTGTGYCAGCMGCCGCGGTAA",14,"G4",410
"G",3,"5",375,"mim11-P m1c4","CCAGTTCCAAAG","GTGTGYCAGCMGCCGCGGTAA",14,"G5",375
"G",3,"6",439,"mim11-P m2c4","CAGAGTGCCGGC","GTGTGYCAGCMGCCGCGGTAA",14,"G6",439
"G",3,"7",149,"mim11-P m3c4","GGCCTGGCCTGG","GTGTGYCAGCMGCCGCGGTAA",14,"G7",149
"G",3,"8",81,"mim11-N m1c1","AGCAAGGTCTTC","GTGTGYCAGCMGCCGCGGTAA",14,"G8",81
"G",3,"9",317,"mim11-N m2c1","TACCGGCTTGCA","GTGTGYCAGCMGCCGCGGTAA",14,"G9",317
"G",3,"10",408,"mim11-N m3c1","AATGATAGATGC","GTGTGYCAGCMGCCGCGGTAA",14,"G10",408
"G",3,"11",344,"mim11-N m1c2","AATCAACTAGGC","GTGTGYCAGCMGCCGCGGTAA",14,"G11",344
"G",3,"12",68,"mim11-N m2c2","CTATGGTGAACC","GTGTGYCAGCMGCCGCGGTAA",14,"G12",68
"H",3,"1",374,"mim11-N m3c2","ATCTAAGTTACT","GTGTGYCAGCMGCCGCGGTAA",14,"H1",374
"H",3,"2",391,"mim11-N m1c3","TCGGGTGAGGCC","GTGTGYCAGCMGCCGCGGTAA",14,"H2",391
"H",3,"3",89,"mim11-N m2c3","ACGATCATCTGG","GTGTGYCAGCMGCCGCGGTAA",14,"H3",89
"H",3,"4",96,"mim11-N m3c3","GTGGATAAACTC","GTGTGYCAGCMGCCGCGGTAA",14,"H4",96
"H",3,"5",330,"mim11-N m1c4","CAAGAGCGGATG","GTGTGYCAGCMGCCGCGGTAA",14,"H5",330
"H",3,"6",109,"mim11-N m2c4","GATTGAACGCTA","GTGTGYCAGCMGCCGCGGTAA",14,"H6",109
"H",3,"7",15,"mim11-N m3c4","GAGCACGCACGC","GTGTGYCAGCMGCCGCGGTAA",14,"H7",15
"H",3,"8",337,"mim12-B m1c1","CGGCTACTATGC","GTGTGYCAGCMGCCGCGGTAA",14,"H8",337
"H",3,"9",365,"mim12-B m2c1","CAATACGACCGT","GTGTGYCAGCMGCCGCGGTAA",14,"H9",365
"H",3,"10",19,"mim12-B m3c1","GACGAGGTCGGT","GTGTGYCAGCMGCCGCGGTAA",14,"H10",19
"H",3,"11",171,"mim12-B m1c2","ACAAGGCAAGGC","GTGTGYCAGCMGCCGCGGTAA",14,"H11",171
"H",3,"12",455,"mim12-B m2c2","GCTATCAAGACA","GTGTGYCAGCMGCCGCGGTAA",14,"H12",455
"A",4,"1",464,"mim12-B m3c2","TACAAGTGGTCC","GTGTGYCAGCMGCCGCGGTAA",16,"A1",464
"A",4,"2",53,"mim12-B m1c3","AACTCCTGTGGA","GTGTGYCAGCMGCCGCGGTAA",16,"A2",53
"A",4,"3",125,"mim12-B m2c3","ATACGCATCAAG","GTGTGYCAGCMGCCGCGGTAA",16,"A3",125
"A",4,"4",54,"mim12-B m3c3","GGCCTTCAGTCA","GTGTGYCAGCMGCCGCGGTAA",16,"A4",54
"A",4,"5",138,"mim12-B m1c4","ACCCTATTGCGG","GTGTGYCAGCMGCCGCGGTAA",16,"A5",138
"A",4,"6",168,"mim12-B m2c4","AGAGAACACTTA","GTGTGYCAGCMGCCGCGGTAA",16,"A6",168
"A",4,"7",406,"mim12-B m3c4","GGCGATTTACGT","GTGTGYCAGCMGCCGCGGTAA",16,"A7",406
"A",4,"8",399,"mim12-G m1c1","GAGCTTGGCGGA","GTGTGYCAGCMGCCGCGGTAA",16,"A8",399
"A",4,"9",161,"mim12-G m2c1","ACAAGAACCTTG","GTGTGYCAGCMGCCGCGGTAA",16,"A9",161
"A",4,"10",307,"mim12-G m3c1","AGAGTGCTAATC","GTGTGYCAGCMGCCGCGGTAA",16,"A10",307
"A",4,"11",170,"mim12-G m1c2","GTACCGTTGCAA","GTGTGYCAGCMGCCGCGGTAA",16,"A11",170
"A",4,"12",452,"mim12-G m2c2","TGCTTGTAGGCA","GTGTGYCAGCMGCCGCGGTAA",16,"A12",452
"B",4,"1",288,"mim12-G m3c2","ATGGAAGGTGGC","GTGTGYCAGCMGCCGCGGTAA",16,"B1",288
"B",4,"2",292,"mim12-G m1c3","GGAGATTGGAGA","GTGTGYCAGCMGCCGCGGTAA",16,"B2",292
"B",4,"3",404,"mim12-G m2c3","ACTTTAAGGGTG","GTGTGYCAGCMGCCGCGGTAA",16,"B3",404
"B",4,"4",265,"mim12-G m3c3","GATTGGCATAGT","GTGTGYCAGCMGCCGCGGTAA",16,"B4",265
"B",4,"5",402,"mim12-G m1c4","TGGCCAGGCAGC","GTGTGYCAGCMGCCGCGGTAA",16,"B5",402
"B",4,"6",298,"mim12-G m2c4","GTCATAAGAACC","GTGTGYCAGCMGCCGCGGTAA",16,"B6",298
"B",4,"7",215,"mim12-G m3c4","CGTAATTGCCGC","GTGTGYCAGCMGCCGCGGTAA",16,"B7",215
"B",4,"8",514,"mim12-P m1c1","TAGATCCTCGGA","GTGTGYCAGCMGCCGCGGTAA",16,"B8",514
"B",4,"9",153,"mim12-P m2c1","TGGGTTAACACA","GTGTGYCAGCMGCCGCGGTAA",16,"B9",153
"B",4,"10",434,"mim12-P m3c1","TAAGTCGGCCTA","GTGTGYCAGCMGCCGCGGTAA",16,"B10",434
"B",4,"11",357,"mim12-P m1c2","GTGTCACTTTAT","GTGTGYCAGCMGCCGCGGTAA",16,"B11",357
"B",4,"12",17,"mim12-P m2c2","GCTAAAGTCGTA","GTGTGYCAGCMGCCGCGGTAA",16,"B12",17
"C",4,"1",384,"mim12-P m3c2","GGCCATAGGCAG","GTGTGYCAGCMGCCGCGGTAA",16,"C1",384
"C",4,"2",448,"mim12-P m1c3","TTGAGGCTACAA","GTGTGYCAGCMGCCGCGGTAA",16,"C2",448
"C",4,"3",480,"mim12-P m2c3","AGTATTCGCGCA","GTGTGYCAGCMGCCGCGGTAA",16,"C3",480
"C",4,"4",268,"mim12-P m3c3","TATAAGGACACA","GTGTGYCAGCMGCCGCGGTAA",16,"C4",268
"C",4,"5",421,"mim12-P m1c4","CACGTACACGTA","GTGTGYCAGCMGCCGCGGTAA",16,"C5",421
"C",4,"6",508,"mim12-P m2c4","TCTCATGTGGAG","GTGTGYCAGCMGCCGCGGTAA",16,"C6",508
"C",4,"7",420,"mim12-P m3c4","TCTGTGTCTAAT","GTGTGYCAGCMGCCGCGGTAA",16,"C7",420
"C",4,"8",319,"mim12-N m1c1","ATTTATCCGGTT","GTGTGYCAGCMGCCGCGGTAA",16,"C8",319
"C",4,"9",217,"mim12-N m2c1","CCGTTCAATGGA","GTGTGYCAGCMGCCGCGGTAA",16,"C9",217
"C",4,"10",323,"mim12-N m3c1","CAACCACTCGGT","GTGTGYCAGCMGCCGCGGTAA",16,"C10",323
"C",4,"11",94,"mim12-N m1c2","GTAGTCCCGCTC","GTGTGYCAGCMGCCGCGGTAA",16,"C11",94
"C",4,"12",115,"mim12-N m2c2","TTCGTACTTCGT","GTGTGYCAGCMGCCGCGGTAA",16,"C12",115
"D",4,"1",113,"mim12-N m3c2","TCGCTGACTCGC","GTGTGYCAGCMGCCGCGGTAA",16,"D1",113
"D",4,"2",388,"mim12-N m1c3","TTAACTGGAAGC","GTGTGYCAGCMGCCGCGGTAA",16,"D2",388
"D",4,"3",262,"mim12-N m2c3","TCGGTAGCAACT","GTGTGYCAGCMGCCGCGGTAA",16,"D3",262
"D",4,"4",350,"mim12-N m3c3","TTATCATTACGC","GTGTGYCAGCMGCCGCGGTAA",16,"D4",350
"D",4,"5",234,"mim12-N m1c4","TCAGCGCCGTTA","GTGTGYCAGCMGCCGCGGTAA",16,"D5",234
"D",4,"6",111,"mim12-N m2c4","GGACTGGATGGC","GTGTGYCAGCMGCCGCGGTAA",16,"D6",111
"D",4,"7",306,"mim12-N m3c4","ACGTTTGTGGCA","GTGTGYCAGCMGCCGCGGTAA",16,"D7",306
"D",4,"8",437,"mim13-B m1c1","CCTTAGTTTACA","GTGTGYCAGCMGCCGCGGTAA",16,"D8",437
"D",4,"9",112,"mim13-B m2c1","GCGCTCCTCCGT","GTGTGYCAGCMGCCGCGGTAA",16,"D9",112
"D",4,"10",491,"mim13-B m3c1","CAACCGAGATTA","GTGTGYCAGCMGCCGCGGTAA",16,"D10",491
"D",4,"11",11,"mim13-B m1c2","GTCGCACGTCTC","GTGTGYCAGCMGCCGCGGTAA",16,"D11",11
"D",4,"12",278,"mim13-B m2c2","CCTTGGAATCGC","GTGTGYCAGCMGCCGCGGTAA",16,"D12",278
"E",4,"1",257,"mim13-B m3c2","CTGAATCTGGTG","GTGTGYCAGCMGCCGCGGTAA",16,"E1",257
"E",4,"2",52,"mim13-B m1c3","GCTTACGTAGGT","GTGTGYCAGCMGCCGCGGTAA",16,"E2",52
"E",4,"3",273,"mim13-B m2c3","GCGTGTAATTAG","GTGTGYCAGCMGCCGCGGTAA",16,"E3",273
"E",4,"4",78,"mim13-B m3c3","CGCCTGCCAATA","GTGTGYCAGCMGCCGCGGTAA",16,"E4",78
"E",4,"5",118,"mim13-B m1c4","CAGGTGCGCCGC","GTGTGYCAGCMGCCGCGGTAA",16,"E5",118
"E",4,"6",276,"mim13-B m2c4","ACAATGTCACAG","GTGTGYCAGCMGCCGCGGTAA",16,"E6",276
"E",4,"7",422,"mim13-B m3c4","CCTAGGTCCCAA","GTGTGYCAGCMGCCGCGGTAA",16,"E7",422
"E",4,"8",411,"mim13-G m1c1","GGATCCCAGGGA","GTGTGYCAGCMGCCGCGGTAA",16,"E8",411
"E",4,"9",346,"mim13-G m2c1","ACCGGCCGTGCG","GTGTGYCAGCMGCCGCGGTAA",16,"E9",346
"E",4,"10",122,"mim13-G m3c1","TAGCCAATTTCT","GTGTGYCAGCMGCCGCGGTAA",16,"E10",122
"E",4,"11",162,"mim13-G m1c2","CTTAGAACGTGC","GTGTGYCAGCMGCCGCGGTAA",16,"E11",162
"E",4,"12",300,"mim13-G m2c2","GTAAGTAGATCA","GTGTGYCAGCMGCCGCGGTAA",16,"E12",300
"F",4,"1",301,"mim13-G m3c2","TCGACGGAGAGA","GTGTGYCAGCMGCCGCGGTAA",16,"F1",301
"F",4,"2",309,"mim13-G m1c3","TACCCGACTAAG","GTGTGYCAGCMGCCGCGGTAA",16,"F2",309
"F",4,"3",49,"mim13-G m2c3","ATTCCCAGAACG","GTGTGYCAGCMGCCGCGGTAA",16,"F3",49
"F",4,"4",471,"mim13-G m3c3","CGAGGACCCTGG","GTGTGYCAGCMGCCGCGGTAA",16,"F4",471
"F",4,"5",387,"mim13-G m1c4","CCATAATCTTAC","GTGTGYCAGCMGCCGCGGTAA",16,"F5",387
"F",4,"6",40,"mim13-G m2c4","AGCATAGAAATA","GTGTGYCAGCMGCCGCGGTAA",16,"F6",40
"F",4,"7",67,"mim13-G m3c4","TGACTCTGCGGT","GTGTGYCAGCMGCCGCGGTAA",16,"F7",67
"F",4,"8",469,"mim13-P m1c1","ATTTAGGACGAC","GTGTGYCAGCMGCCGCGGTAA",16,"F8",469
"F",4,"9",394,"mim13-P m2c1","AATTAGGCGTGT","GTGTGYCAGCMGCCGCGGTAA",16,"F9",394
"F",4,"10",333,"mim13-P m3c1","GAGGGACGCAAT","GTGTGYCAGCMGCCGCGGTAA",16,"F10",333
"F",4,"11",504,"mim13-P m1c2","GCTCAATCAGAA","GTGTGYCAGCMGCCGCGGTAA",16,"F11",504
"F",4,"12",105,"mim13-P m2c2","CAGTTCGAGATA","GTGTGYCAGCMGCCGCGGTAA",16,"F12",105
"G",4,"1",100,"mim13-P m3c2","ACTCAATTCATC","GTGTGYCAGCMGCCGCGGTAA",16,"G1",100
"G",4,"2",311,"mim13-N m1c3","TTGCAGTGCAAC","GTGTGYCAGCMGCCGCGGTAA",16,"G2",311
"G",4,"3",275,"mim13-P m2c3","TCCTGTGCGAGT","GTGTGYCAGCMGCCGCGGTAA",16,"G3",275
"G",4,"4",8,"mim13-P m3c3","AGGAGTTGTATA","GTGTGYCAGCMGCCGCGGTAA",16,"G4",8
"G",4,"5",210,"mim13-P m1c4","CTATTCTTGGCT","GTGTGYCAGCMGCCGCGGTAA",16,"G5",210
"G",4,"6",500,"mim13-P m2c4","ATTCACGTATTC","GTGTGYCAGCMGCCGCGGTAA",16,"G6",500
"G",4,"7",461,"mim13-P m3c4","TCGTGCGTGTTG","GTGTGYCAGCMGCCGCGGTAA",16,"G7",461
"G",4,"8",297,"mim13-N m1c1","CACAAAGCGATT","GTGTGYCAGCMGCCGCGGTAA",16,"G8",297
"G",4,"9",377,"mim13-N m2c1","ACGCATCGCACT","GTGTGYCAGCMGCCGCGGTAA",16,"G9",377
"G",4,"10",425,"mim13-N m3c1","CATGCGGATCCT","GTGTGYCAGCMGCCGCGGTAA",16,"G10",425
"G",4,"11",7,"mim13-N m1c2","CGTTGACACCCA","GTGTGYCAGCMGCCGCGGTAA",16,"G11",7
"G",4,"12",194,"mim13-N m2c2","GCTTCCAGACAA","GTGTGYCAGCMGCCGCGGTAA",16,"G12",194
"H",4,"1",417,"mim13-N m3c2","ATAACCATAGGA","GTGTGYCAGCMGCCGCGGTAA",16,"H1",417
"H",4,"2",93,"mim13-N m1c3","GCTGTCGTCAAC","GTGTGYCAGCMGCCGCGGTAA",16,"H2",93
"H",4,"3",316,"mim13-N m2c3","GAATGGATGGGC","GTGTGYCAGCMGCCGCGGTAA",16,"H3",316
"H",4,"4",486,"mim13-N m3c3","GGTAGACCGGGT","GTGTGYCAGCMGCCGCGGTAA",16,"H4",486
"H",4,"5",353,"mim13-N m1c4","TGTCATGGCTGA","GTGTGYCAGCMGCCGCGGTAA",16,"H5",353
"H",4,"6",314,"mim13-N m2c4","AGAGTAAGCCGG","GTGTGYCAGCMGCCGCGGTAA",16,"H6",314
"H",4,"7",222,"mim13-N m3c4","TCGCGCAACTGT","GTGTGYCAGCMGCCGCGGTAA",16,"H7",222
"H",4,"8",98,"mim14-B m1c1","TGAAGCACACTA","GTGTGYCAGCMGCCGCGGTAA",16,"H8",98
"H",4,"9",3,"mim14-B m2c1","ATCCACTCTATA","GTGTGYCAGCMGCCGCGGTAA",16,"H9",3
"H",4,"10",104,"mim14-B m3c1","GTCGGAAATTGT","GTGTGYCAGCMGCCGCGGTAA",16,"H10",104
"H",4,"11",183,"mim14-B m1c2","ATGTGTGTAGAC","GTGTGYCAGCMGCCGCGGTAA",16,"H11",183
"H",4,"12",271,"mim14-B m2c2","TAACGAATAGAA","GTGTGYCAGCMGCCGCGGTAA",16,"H12",271
"A",5,"1",5,"mim14-B m3c2","TCCCTCTGAGAG","GTGTGYCAGCMGCCGCGGTAA",17,"A1",5
"A",5,"2",185,"mim14-B m1c3","GAAGACAGCGAC","GTGTGYCAGCMGCCGCGGTAA",17,"A2",185
"A",5,"3",241,"mim14-B m2c3","ATATCGCGATGA","GTGTGYCAGCMGCCGCGGTAA",17,"A3",241
"A",5,"4",12,"mim14-B m3c3","CGATACACTGCC","GTGTGYCAGCMGCCGCGGTAA",17,"A4",12
"A",5,"5",245,"mim14-B m1c4","TCACAACACCGC","GTGTGYCAGCMGCCGCGGTAA",17,"A5",245
"A",5,"6",191,"mim14-B m2c4","GTTTGTGATCTT","GTGTGYCAGCMGCCGCGGTAA",17,"A6",191
"A",5,"7",446,"mim14-B m3c4","AACATTGCAGGT","GTGTGYCAGCMGCCGCGGTAA",17,"A7",446
"A",5,"8",371,"mim14-G m1c1","GAGTGCTCTAAC","GTGTGYCAGCMGCCGCGGTAA",17,"A8",371
"A",5,"9",235,"mim14-G m2c1","GCTACTGGTATG","GTGTGYCAGCMGCCGCGGTAA",17,"A9",235
"A",5,"10",214,"mim14-G m3c1","GTCCGATCCTAG","GTGTGYCAGCMGCCGCGGTAA",17,"A10",214
"A",5,"11",370,"mim14-G m1c2","GTGTGGCAGAAG","GTGTGYCAGCMGCCGCGGTAA",17,"A11",370
"A",5,"12",172,"mim14-G m2c2","AAGTATCCTGCG","GTGTGYCAGCMGCCGCGGTAA",17,"A12",172
"B",5,"1",189,"mim14-G m3c2","TGGCACTGGTTA","GTGTGYCAGCMGCCGCGGTAA",17,"B1",189
"B",5,"2",103,"mim14-G m1c3","CACTGGTGCATA","GTGTGYCAGCMGCCGCGGTAA",17,"B2",103
"B",5,"3",71,"mim14-G m2c3","GCGCCGAATCTT","GTGTGYCAGCMGCCGCGGTAA",17,"B3",71
"B",5,"4",193,"mim14-G m3c3","ATGGCGCGGACC","GTGTGYCAGCMGCCGCGGTAA",17,"B4",193
"B",5,"5",444,"mim14-G m1c4","GCGGAAACATGG","GTGTGYCAGCMGCCGCGGTAA",17,"B5",444
"B",5,"6",355,"mim14-G m2c4","GATGTGGTGTTA","GTGTGYCAGCMGCCGCGGTAA",17,"B6",355
"B",5,"7",64,"mim14-G m3c4","ATATCCTGGGAC","GTGTGYCAGCMGCCGCGGTAA",17,"B7",64
"B",5,"8",219,"mim14-N m1c1","CGACGCCCATTC","GTGTGYCAGCMGCCGCGGTAA",17,"B8",219
"B",5,"9",77,"mim14-N m2c1","CGTGCCGCTTAA","GTGTGYCAGCMGCCGCGGTAA",17,"B9",77
"B",5,"10",342,"mim14-N m3c1","AGCGCATATCCA","GTGTGYCAGCMGCCGCGGTAA",17,"B10",342
"B",5,"11",57,"mim14-N m1c2","CTGTATGGAGCT","GTGTGYCAGCMGCCGCGGTAA",17,"B11",57
"B",5,"12",487,"mim14-N m2c2","GCCGTCTCGTAA","GTGTGYCAGCMGCCGCGGTAA",17,"B12",487
"C",5,"1",22,"mim14-N m3c2","AGGGCCCGCTGA","GTGTGYCAGCMGCCGCGGTAA",17,"C1",22
"C",5,"2",136,"mim14-N m1c3","TCAGATACCAGC","GTGTGYCAGCMGCCGCGGTAA",17,"C2",136
"C",5,"3",332,"mim14-N m2c3","GTAATAATGCCG","GTGTGYCAGCMGCCGCGGTAA",17,"C3",332
"C",5,"4",147,"mim14-N m3c3","ACGCGCTAAATC","GTGTGYCAGCMGCCGCGGTAA",17,"C4",147
"C",5,"5",246,"mim14-N m1c4","TCGATTGGCCGT","GTGTGYCAGCMGCCGCGGTAA",17,"C5",246
"C",5,"6",501,"mim14-N m2c4","CTACCACGGTAC","GTGTGYCAGCMGCCGCGGTAA",17,"C6",501
"C",5,"7",166,"mim14-N m3c4","TTCACCTGTATC","GTGTGYCAGCMGCCGCGGTAA",17,"C7",166
"C",5,"8",243,"mim15-B m1c1","CCTTACCTCCTC","GTGTGYCAGCMGCCGCGGTAA",17,"C8",243
"C",5,"9",352,"mim15-B m2c1","TCGCCGTGTACA","GTGTGYCAGCMGCCGCGGTAA",17,"C9",352
"C",5,"10",55,"mim15-B m3c1","GTTTCTTGTTGC","GTGTGYCAGCMGCCGCGGTAA",17,"C10",55
"C",5,"11",416,"mim15-B m1c2","CGTAGGTAGAGG","GTGTGYCAGCMGCCGCGGTAA",17,"C11",416
"C",5,"12",485,"mim15-B m2c2","TCTTGTTTCTGG","GTGTGYCAGCMGCCGCGGTAA",17,"C12",485
"D",5,"1",181,"mim15-B m2c3","TTGGGAGCGAAG","GTGTGYCAGCMGCCGCGGTAA",17,"D1",181
"D",5,"2",229,"mim15-B m1c3","AATATACTCAAT","GTGTGYCAGCMGCCGCGGTAA",17,"D2",229
"D",5,"3",223,"mim15-B m2c3","ATTTGTGGGTAG","GTGTGYCAGCMGCCGCGGTAA",17,"D3",223
"D",5,"4",139,"mim15-B m3c3","GGTAAAGGGTCG","GTGTGYCAGCMGCCGCGGTAA",17,"D4",139
"D",5,"5",216,"mim15-B m1c4","GTCGAATTTGCG","GTGTGYCAGCMGCCGCGGTAA",17,"D5",216
"D",5,"6",142,"mim15-B m2c4","CTACGAAAGCCT","GTGTGYCAGCMGCCGCGGTAA",17,"D6",142
"D",5,"7",260,"mim15-B m3c4","TCAAGGGACCTT","GTGTGYCAGCMGCCGCGGTAA",17,"D7",260
"D",5,"8",274,"mim15-B m1c5","CAGTAAATCGCA","GTGTGYCAGCMGCCGCGGTAA",17,"D8",274
"D",5,"9",324,"mim15-B m2c5","CTCTACGAACAG","GTGTGYCAGCMGCCGCGGTAA",17,"D9",324
"D",5,"10",130,"mim15-B m3c5","GACGGAACAGAC","GTGTGYCAGCMGCCGCGGTAA",17,"D10",130
"D",5,"11",513,"mim15-B m1c6","ACTCCGATAGAC","GTGTGYCAGCMGCCGCGGTAA",17,"D11",513
"D",5,"12",261,"mim15-B m2c6","GTTCAGACTAGC","GTGTGYCAGCMGCCGCGGTAA",17,"D12",261
"E",5,"1",413,"mim15-B m2c6","GGACAGTGTATT","GTGTGYCAGCMGCCGCGGTAA",17,"E1",413
"E",5,"2",26,"mim15-B m1c7","GGATATGATACA","GTGTGYCAGCMGCCGCGGTAA",17,"E2",26
"E",5,"3",441,"mim15-B m2c7","AGACCAAATATG","GTGTGYCAGCMGCCGCGGTAA",17,"E3",441
"E",5,"4",167,"mim15-B m3c7","AGACGTTGCTAC","GTGTGYCAGCMGCCGCGGTAA",17,"E4",167
"E",5,"5",290,"mim15-B m1c8","TGGTAGTCTGAA","GTGTGYCAGCMGCCGCGGTAA",17,"E5",290
"E",5,"6",392,"mim15-B m2c8","CATATGTAAATT","GTGTGYCAGCMGCCGCGGTAA",17,"E6",392
"E",5,"7",177,"mim15-B m3c8","GGCCAGTTCCTA","GTGTGYCAGCMGCCGCGGTAA",17,"E7",177
"E",5,"8",451,"mim15-G m1c1","ATCAGTACTAGG","GTGTGYCAGCMGCCGCGGTAA",17,"E8",451
"E",5,"9",36,"mim15-G m2c1","TGAAATGTCCCG","GTGTGYCAGCMGCCGCGGTAA",17,"E9",36
"E",5,"10",269,"mim15-G m3c1","AGAATTACAACG","GTGTGYCAGCMGCCGCGGTAA",17,"E10",269
"E",5,"11",24,"mim15-G m1c2","TGCCAGACCACT","GTGTGYCAGCMGCCGCGGTAA",17,"E11",24
"E",5,"12",419,"mim15-G m2c2","TGAAGATATCAG","GTGTGYCAGCMGCCGCGGTAA",17,"E12",419
"F",5,"1",462,"mim15-G m2c3","GATATGAACTGC","GTGTGYCAGCMGCCGCGGTAA",17,"F1",462
"F",5,"2",494,"mim15-G m1c3","ACACTGGTCCTG","GTGTGYCAGCMGCCGCGGTAA",17,"F2",494
"F",5,"3",383,"mim15-G m2c3","TCCCAACCTAGG","GTGTGYCAGCMGCCGCGGTAA",17,"F3",383
"F",5,"4",511,"mim15-G m3c3","GGCTGTCGCAGG","GTGTGYCAGCMGCCGCGGTAA",17,"F4",511
"F",5,"5",475,"mim15-G m1c4","GAATAGTAGTCA","GTGTGYCAGCMGCCGCGGTAA",17,"F5",475
"F",5,"6",378,"mim15-G m2c4","GATAAGCGCCTT","GTGTGYCAGCMGCCGCGGTAA",17,"F6",378
"F",5,"7",509,"mim15-G m3c4","CGATGTGTGGTT","GTGTGYCAGCMGCCGCGGTAA",17,"F7",509
"F",5,"8",41,"mim15-G m1c5","TTCAAAGGATGA","GTGTGYCAGCMGCCGCGGTAA",17,"F8",41
"F",5,"9",158,"mim15-G m2c5","CCTGCTTCCTTC","GTGTGYCAGCMGCCGCGGTAA",17,"F9",158
"F",5,"10",74,"mim15-G m3c5","TCTTCTGCCCTA","GTGTGYCAGCMGCCGCGGTAA",17,"F10",74
"F",5,"11",474,"mim15-G m1c6","GTGAGTCATACC","GTGTGYCAGCMGCCGCGGTAA",17,"F11",474
"F",5,"12",449,"mim15-G m2c6","CGCGAAGTTTCA","GTGTGYCAGCMGCCGCGGTAA",17,"F12",449
"G",5,"1",192,"mim15-G m2c6","TGAGAGTCCCTC","GTGTGYCAGCMGCCGCGGTAA",17,"G1",192
"G",5,"2",476,"mim15-G m1c7","GTGTGTGCCATA","GTGTGYCAGCMGCCGCGGTAA",17,"G2",476
"G",5,"3",9,"mim15-G m2c7","TGCTGCTCAACG","GTGTGYCAGCMGCCGCGGTAA",17,"G3",9
"G",5,"4",213,"mim15-G m3c7","GGAGGCCATAAG","GTGTGYCAGCMGCCGCGGTAA",17,"G4",213
"G",5,"5",201,"mim15-G m1c8","GTTAGATCTATT","GTGTGYCAGCMGCCGCGGTAA",17,"G5",201
"G",5,"6",334,"mim15-G m2c8","CTTACGAGTAGA","GTGTGYCAGCMGCCGCGGTAA",17,"G6",334
"G",5,"7",10,"mim15-G m3c8","AGTACAACTGAA","GTGTGYCAGCMGCCGCGGTAA",17,"G7",10
"G",5,"8",239,"mim15-P m1c1","GTCCAAAGCGTT","GTGTGYCAGCMGCCGCGGTAA",17,"G8",239
"G",5,"9",27,"mim15-P m2c1","ATTGAGTGAGTC","GTGTGYCAGCMGCCGCGGTAA",17,"G9",27
"G",5,"10",400,"mim15-P m3c1","TCGGTCCATAGC","GTGTGYCAGCMGCCGCGGTAA",17,"G10",400
"G",5,"11",299,"mim15-P m1c2","CCTCCAGACGTC","GTGTGYCAGCMGCCGCGGTAA",17,"G11",299
"G",5,"12",296,"mim15-P m2c2","ACGCTGTCGGTT","GTGTGYCAGCMGCCGCGGTAA",17,"G12",296
"H",5,"1",60,"mim15-P m2c3","TAGCTCACAGCA","GTGTGYCAGCMGCCGCGGTAA",17,"H1",60
"H",5,"2",83,"mim15-P m1c3","TTACTAGTTAAC","GTGTGYCAGCMGCCGCGGTAA",17,"H2",83
"H",5,"3",465,"mim15-P m2c3","AGTTCATACGGC","GTGTGYCAGCMGCCGCGGTAA",17,"H3",465
"H",5,"4",467,"mim15-P m3c3","ACAGAACCGGCG","GTGTGYCAGCMGCCGCGGTAA",17,"H4",467
"H",5,"5",405,"mim15-P m1c4","CTTCCTGCCAGG","GTGTGYCAGCMGCCGCGGTAA",17,"H5",405
"H",5,"6",326,"mim15-P m2c4","AACAGGTCTCTG","GTGTGYCAGCMGCCGCGGTAA",17,"H6",326
"H",5,"7",479,"mim15-P m3c4","GAGCTAAGTTAC","GTGTGYCAGCMGCCGCGGTAA",17,"H7",479
"H",5,"8",184,"mim15-P m1c5","AAGTGAAGCGAG","GTGTGYCAGCMGCCGCGGTAA",17,"H8",184
"H",5,"9",101,"mim15-P m2c5","GACCTCGACCTC","GTGTGYCAGCMGCCGCGGTAA",17,"H9",101
"H",5,"10",30,"mim15-P m3c5","AAGATGATGACT","GTGTGYCAGCMGCCGCGGTAA",17,"H10",30
"H",5,"11",107,"mim15-P m1c6","GATGTATGTGGT","GTGTGYCAGCMGCCGCGGTAA",17,"H11",107
"H",5,"12",20,"mim15-P m2c6","CAGCTATGGACT","GTGTGYCAGCMGCCGCGGTAA",17,"H12",20
"A",6,"1",258,"mim15-P m2c6","TCATCACGGGCT","GTGTGYCAGCMGCCGCGGTAA",11,"A1",258
"A",6,"2",414,"mim15-P m1c7","TTGGAGATTAGA","GTGTGYCAGCMGCCGCGGTAA",11,"A2",414
"A",6,"3",155,"mim15-P m2c7","CTTGACGAGGTT","GTGTGYCAGCMGCCGCGGTAA",11,"A3",155
"A",6,"4",59,"mim15-P m3c7","TGTAGGTGTGCT","GTGTGYCAGCMGCCGCGGTAA",11,"A4",59
"A",6,"5",221,"mim15-P m1c8","GTACCTAGCCTG","GTGTGYCAGCMGCCGCGGTAA",11,"A5",221
"A",6,"6",226,"mim15-P m2c8","TCGTTTCTTCAG","GTGTGYCAGCMGCCGCGGTAA",11,"A6",226
"A",6,"7",456,"mim15-P m3c8","CACCACAGAATC","GTGTGYCAGCMGCCGCGGTAA",11,"A7",456
"A",6,"8",481,"mim15-N m1c1","TTGCCAAGAGTC","GTGTGYCAGCMGCCGCGGTAA",11,"A8",481
"A",6,"9",255,"mim15-N m2c1","TCGGATCTGTGA","GTGTGYCAGCMGCCGCGGTAA",11,"A9",255
"A",6,"10",252,"mim15-N m3c1","CAAGTCGAATAC","GTGTGYCAGCMGCCGCGGTAA",11,"A10",252
"A",6,"11",200,"mim15-N m1c2","GCAGCCATATTG","GTGTGYCAGCMGCCGCGGTAA",11,"A11",200
"A",6,"12",209,"mim15-N m2c2","TAGGGTAATAAC","GTGTGYCAGCMGCCGCGGTAA",11,"A12",209
"B",6,"1",230,"mim15-N m2c3","CCGTAGTGCCCT","GTGTGYCAGCMGCCGCGGTAA",11,"B1",230
"B",6,"2",432,"mim15-N m1c3","TAGTATGCGCAA","GTGTGYCAGCMGCCGCGGTAA",11,"B2",432
"B",6,"3",360,"mim15-N m2c3","CAATGCCTCACG","GTGTGYCAGCMGCCGCGGTAA",11,"B3",360
"B",6,"4",430,"mim15-N m3c3","GATTACATCATT","GTGTGYCAGCMGCCGCGGTAA",11,"B4",430
"B",6,"5",440,"mim15-N m1c4","AATTGTGTCGGA","GTGTGYCAGCMGCCGCGGTAA",11,"B5",440
"B",6,"6",492,"mim15-N m2c4","GATAGTCAGATA","GTGTGYCAGCMGCCGCGGTAA",11,"B6",492
"B",6,"7",354,"mim15-N m3c4","CGAGCAATCCTA","GTGTGYCAGCMGCCGCGGTAA",11,"B7",354
"B",6,"8",253,"mim15-N m1c5","ATCTGCGCACCA","GTGTGYCAGCMGCCGCGGTAA",11,"B8",253
"B",6,"9",445,"mim15-N m2c5","CACAGCGTCCTA","GTGTGYCAGCMGCCGCGGTAA",11,"B9",445
"B",6,"10",182,"mim15-N m3c5","GGAATAGTTTAG","GTGTGYCAGCMGCCGCGGTAA",11,"B10",182
"B",6,"11",207,"mim15-N m1c6","AGCTGATAGTTG","GTGTGYCAGCMGCCGCGGTAA",11,"B11",207
"B",6,"12",225,"mim15-N m2c6","TAGCTTCACTAT","GTGTGYCAGCMGCCGCGGTAA",11,"B12",225
"C",6,"1",80,"mim15-N m2c6","TGTGGTGATGTA","GTGTGYCAGCMGCCGCGGTAA",11,"C1",80
"C",6,"2",418,"mim15-N m1c7","TCATTTACAGAT","GTGTGYCAGCMGCCGCGGTAA",11,"C2",418
"C",6,"3",233,"mim15-N m2c7","GCTGACTCCGCT","GTGTGYCAGCMGCCGCGGTAA",11,"C3",233
"C",6,"4",114,"mim15-N m3c7","GGAGTCTCTTGC","GTGTGYCAGCMGCCGCGGTAA",11,"C4",114
"C",6,"5",272,"mim15-N m1c8","GGCGTTGCATTC","GTGTGYCAGCMGCCGCGGTAA",11,"C5",272
"C",6,"6",499,"mim15-N m2c8","GGTCTGTTGAGT","GTGTGYCAGCMGCCGCGGTAA",11,"C6",499
"C",6,"7",382,"mim15-N m3c8","TAACGCTGTGTG","GTGTGYCAGCMGCCGCGGTAA",11,"C7",382
"C",6,"8",385,"mim05-B c3","CTTCACCCAGCG","GTGTGYCAGCMGCCGCGGTAA",11,"C8",385
"C",6,"9",303,"mim05-B c4","CGCCAACGCTTC","GTGTGYCAGCMGCCGCGGTAA",11,"C9",303
"C",6,"10",473,"mim16-slur","GCATGGGTTATC","GTGTGYCAGCMGCCGCGGTAA",11,"C10",473
"C",6,"11",429,"mim05-N c1","GTCGCGATGAGG","GTGTGYCAGCMGCCGCGGTAA",11,"C11",429
"C",6,"12",99,"mim05-N c2","GTACTTTCCAAT","GTGTGYCAGCMGCCGCGGTAA",11,"C12",99
"D",6,"1",124,"mim05-N c3","GGCGACGGCATA","GTGTGYCAGCMGCCGCGGTAA",11,"D1",124
