"","Genus","Present in Bewell?","Present in Mimic?","Present in Both?"
"1","Absiella","Y","N","N"
"2","Acidaminococcus","Y","N","N"
"3","Actinomyces","Y","Y","Y"
"4","Adlercreutzia","Y","Y","Y"
"5","Agathobaculum","Y","N","N"
"6","Akkermansia","Y","Y","Y"
"7","Alistipes","Y","Y","Y"
"8","Allisonella","Y","N","N"
"9","Anaerococcus","Y","Y","Y"
"10","Anaeroglobus","Y","N","N"
"11","Anaeromassilibacillus","Y","N","N"
"12","Anaerostipes","Y","Y","Y"
"13","Anaerotignum","Y","N","N"
"14","Anaerotruncus","Y","Y","Y"
"15","Asaccharobacter","Y","N","N"
"16","Bacteroides","Y","Y","Y"
"17","Barnesiella","Y","Y","Y"
"18","Bifidobacterium","Y","Y","Y"
"19","Bilophila","Y","Y","Y"
"20","Blautia","Y","Y","Y"
"21","Brachyspira","Y","N","N"
"22","Butyricicoccus","Y","Y","Y"
"23","Butyricimonas","Y","Y","Y"
"24","Campylobacter","Y","N","N"
"25","Candidatus_Gastranaerophilales_unclassified","Y","N","N"
"26","Candidatus_Stoquefichus","Y","Y","Y"
"27","Catenibacterium","Y","N","N"
"28","Christensenella","Y","Y","Y"
"29","Citrobacter","Y","N","N"
"30","Cloacibacillus","Y","Y","Y"
"31","Clostridiales_unclassified","Y","N","N"
"32","Clostridium","Y","N","N"
"33","Collinsella","Y","Y","Y"
"34","Comamonas","Y","N","N"
"35","Coprobacillus","Y","Y","Y"
"36","Coprobacter","Y","Y","Y"
"37","Coprococcus","Y","N","N"
"38","Desulfovibrio","Y","Y","Y"
"39","Desulfovibrionaceae_unclassified","Y","N","N"
"40","Dialister","Y","Y","Y"
"41","Dielma","Y","Y","Y"
"42","Dorea","Y","Y","Y"
"43","Eggerthella","Y","Y","Y"
"44","Eisenbergiella","Y","Y","Y"
"45","Enorma","Y","N","N"
"46","Enterococcus","Y","Y","Y"
"47","Enterorhabdus","Y","Y","Y"
"48","Erysipelatoclostridium","Y","Y","Y"
"49","Escherichia","Y","N","N"
"50","Eubacteriaceae_unclassified","Y","N","N"
"51","Eubacterium","Y","Y","Y"
"52","Faecalibacterium","Y","Y","Y"
"53","Faecalitalea","Y","Y","Y"
"54","Firmicutes_unclassified","Y","N","N"
"55","Flavonifractor","Y","Y","Y"
"56","Fusicatenibacter","Y","Y","Y"
"57","Fusobacterium","Y","Y","Y"
"58","Gemella","Y","N","N"
"59","Gemmiger","Y","N","N"
"60","Gordonibacter","Y","Y","Y"
"61","Haemophilus","Y","Y","Y"
"62","Hafnia","Y","N","N"
"63","Harryflintia","Y","Y","Y"
"64","Holdemanella","Y","N","N"
"65","Holdemania","Y","Y","Y"
"66","Hungatella","Y","Y","Y"
"67","Intestinibacter","Y","Y","Y"
"68","Intestinimonas","Y","Y","Y"
"69","Klebsiella","Y","Y","Y"
"70","Lachnoclostridium","Y","Y","Y"
"71","Lachnospira","Y","Y","Y"
"72","Lachnospiraceae_unclassified","Y","N","N"
"73","Lactobacillus","Y","Y","Y"
"74","Lactococcus","Y","Y","Y"
"75","Lactonifactor","Y","Y","Y"
"76","Lawsonella","Y","Y","Y"
"77","Lawsonibacter","Y","N","N"
"78","Marvinbryantia","Y","Y","Y"
"79","Massiliomicrobiota","Y","N","N"
"80","Megamonas","Y","Y","Y"
"81","Megasphaera","Y","Y","Y"
"82","Methanobrevibacter","Y","Y","Y"
"83","Methanomassiliicoccus","Y","Y","Y"
"84","Methanosphaera","Y","Y","Y"
"85","Mitsuokella","Y","N","N"
"86","Monoglobus","Y","N","N"
"87","Odoribacter","Y","Y","Y"
"88","Oscillibacter","Y","Y","Y"
"89","Oxalobacter","Y","Y","Y"
"90","Parabacteroides","Y","Y","Y"
"91","Paraprevotella","Y","N","N"
"92","Parasutterella","Y","Y","Y"
"93","Parvimonas","Y","N","N"
"94","Peptococcus","Y","Y","Y"
"95","Peptoniphilus","Y","Y","Y"
"96","Peptostreptococcaceae_unclassified","Y","N","N"
"97","Phascolarctobacterium","Y","Y","Y"
"98","Prevotella","Y","N","N"
"99","Propionibacterium","Y","N","N"
"100","Proteobacteria_unclassified","Y","N","N"
"101","Pseudoflavonifractor","Y","Y","Y"
"102","Pseudomonas","Y","Y","Y"
"103","Pyramidobacter","Y","N","N"
"104","Raoultella","Y","N","N"
"105","Romboutsia","Y","Y","Y"
"106","Roseburia","Y","Y","Y"
"107","Rothia","Y","Y","Y"
"108","Ruminococcaceae_unclassified","Y","N","N"
"109","Ruminococcus","Y","N","N"
"110","Ruthenibacterium","Y","N","N"
"111","Sanguibacteroides","Y","N","N"
"112","Sellimonas","Y","Y","Y"
"113","Serratia","Y","N","N"
"114","Slackia","Y","Y","Y"
"115","Streptococcus","Y","Y","Y"
"116","Sutterella","Y","Y","Y"
"117","Turicibacter","Y","Y","Y"
"118","Turicimonas","Y","N","N"
"119","Tyzzerella","Y","Y","Y"
"120","Veillonella","Y","Y","Y"
"121","Victivallis","Y","Y","Y"
"122","1174-901-12","N","Y","N"
"123","1921-2","N","Y","N"
"124","1921-3","N","Y","N"
"125","2013Ark19i","N","Y","N"
"126","28-4","N","Y","N"
"127","966-1","N","Y","N"
"128","A2","N","Y","N"
"129","Absidia","N","Y","N"
"130","Acaricomes","N","Y","N"
"131","Acetanaerobacterium","N","Y","N"
"132","Acetatifactor","N","Y","N"
"133","Acetitomaculum","N","Y","N"
"134","Acetivibrio","N","Y","N"
"135","Acetobacterium","N","Y","N"
"136","Acetonema","N","Y","N"
"137","Acholeplasma","N","Y","N"
"138","Achromobacter","N","Y","N"
"139","Acidibacter","N","Y","N"
"140","Acidicaldus","N","Y","N"
"141","Acidipila","N","Y","N"
"142","Acidipropionibacterium","N","Y","N"
"143","Acidothermus","N","Y","N"
"144","Acinetobacter","N","Y","N"
"145","Acrocarpospora","N","Y","N"
"146","Actinoallomurus","N","Y","N"
"147","Actinoalloteichus","N","Y","N"
"148","Actinocatenispora","N","Y","N"
"149","Actinocorallia","N","Y","N"
"150","Actinomadura","N","Y","N"
"152","Actinomycetospora","N","Y","N"
"153","Actinoplanes","N","Y","N"
"154","Actinotalea","N","Y","N"
"155","Acuticoccus","N","Y","N"
"157","ADurb.Bin063-1","N","Y","N"
"158","Aeribacillus","N","Y","N"
"159","Aerococcus","N","Y","N"
"160","Aeromicrobium","N","Y","N"
"161","Aerosphaera","N","Y","N"
"162","Aetherobacter","N","Y","N"
"163","Agaricicola","N","Y","N"
"164","Agathobacter","N","Y","N"
"165","Aggregicoccus","N","Y","N"
"166","Agromyces","N","Y","N"
"168","Albimonas","N","Y","N"
"169","Albirhodobacter","N","Y","N"
"170","Algoriella","N","Y","N"
"171","Algoriphagus","N","Y","N"
"172","Alicyclobacillus","N","Y","N"
"173","Aliicoccus","N","Y","N"
"174","Aliihoeflea","N","Y","N"
"175","Alishewanella","N","Y","N"
"177","Aliterella_CENA595","N","Y","N"
"178","Alkalibacterium","N","Y","N"
"179","Alkalibaculum","N","Y","N"
"180","Alkaliphilus","N","Y","N"
"181","Allobaculum","N","Y","N"
"182","Allochromatium","N","Y","N"
"183","Allofustis","N","Y","N"
"184","Alloprevotella","N","Y","N"
"185","Allorhizobium-Neorhizobium-Pararhizobium-Rhizobium","N","Y","N"
"186","Alloscardovia","N","Y","N"
"187","Allostreptomyces","N","Y","N"
"188","alphaI_cluster","N","Y","N"
"189","Alsobacter","N","Y","N"
"190","Altererythrobacter","N","Y","N"
"191","Alteribacillus","N","Y","N"
"192","Amaricoccus","N","Y","N"
"193","Aminobacter","N","Y","N"
"194","Ammoniibacillus","N","Y","N"
"195","Ammoniphilus","N","Y","N"
"196","Amnibacterium","N","Y","N"
"197","Amphibacillus","N","Y","N"
"198","Anaerobacillus","N","Y","N"
"199","Anaerobacterium","N","Y","N"
"200","Anaerobium","N","Y","N"
"201","Anaerobranca","N","Y","N"
"203","Anaerocolumna","N","Y","N"
"204","Anaerofilum","N","Y","N"
"205","Anaerofustis","N","Y","N"
"206","Anaeromyxobacter","N","Y","N"
"207","Anaeroplasma","N","Y","N"
"208","Anaerosalibacter","N","Y","N"
"209","Anaerosinus","N","Y","N"
"210","Anaerosolibacter","N","Y","N"
"211","Anaerosphaera","N","Y","N"
"212","Anaerospora","N","Y","N"
"213","Anaerosporobacter","N","Y","N"
"216","Anaerovorax","N","Y","N"
"217","Ancylobacter","N","Y","N"
"218","Anderseniella","N","Y","N"
"219","Aneurinibacillus","N","Y","N"
"220","Angelakisella","N","Y","N"
"221","Annamia_HOs24","N","Y","N"
"222","Anoxybacillus","N","Y","N"
"223","Anthococcus","N","Y","N"
"224","Aquabacterium","N","Y","N"
"225","Aquamicrobium","N","Y","N"
"226","Aquicella","N","Y","N"
"227","Arenimonas","N","Y","N"
"228","Arsenicicoccus","N","Y","N"
"229","Arsenicitalea","N","Y","N"
"230","Arthrobacter","N","Y","N"
"231","Asaccharospora","N","Y","N"
"232","Asanoa","N","Y","N"
"233","Ascidiaceihabitans","N","Y","N"
"234","ASF356","N","Y","N"
"235","Asticcacaulis","N","Y","N"
"236","ATCC-39006","N","Y","N"
"237","Atlantibacter","N","Y","N"
"238","Atopobacter","N","Y","N"
"239","Atopobium","N","Y","N"
"240","Atopostipes","N","Y","N"
"241","Aurantimonas","N","Y","N"
"242","Aureimonas","N","Y","N"
"243","Azospirillum","N","Y","N"
"244","Bacillus","N","Y","N"
"245","Bacteriovorax","N","Y","N"
"247","Ballistosporomyces","N","Y","N"
"249","Bauldia","N","Y","N"
"250","Bdellovibrio","N","Y","N"
"251","Belnapia","N","Y","N"
"252","Bhargavaea","N","Y","N"
"255","Blastocatella","N","Y","N"
"256","Blastococcus","N","Y","N"
"257","Blastopirellula","N","Y","N"
"259","Bosea","N","Y","N"
"260","Bounagaea","N","Y","N"
"261","Brachybacterium","N","Y","N"
"262","Bradyrhizobium","N","Y","N"
"263","Brevibacillus","N","Y","N"
"264","Brevibacterium","N","Y","N"
"265","Brevundimonas","N","Y","N"
"266","Breznakia","N","Y","N"
"267","Brochothrix","N","Y","N"
"268","Brucella","N","Y","N"
"269","Bryobacter","N","Y","N"
"270","Bullera","N","Y","N"
"271","Burkholderia-Caballeronia-Paraburkholderia","N","Y","N"
"274","Bythopirellula","N","Y","N"
"275","CAG-352","N","Y","N"
"276","CAG-56","N","Y","N"
"277","CAG-873","N","Y","N"
"278","Caldalkalibacillus","N","Y","N"
"279","Caldibacillus","N","Y","N"
"280","Caldicellulosiruptor","N","Y","N"
"281","Caldicoprobacter","N","Y","N"
"282","Calditerricola","N","Y","N"
"283","Caloramator","N","Y","N"
"284","Calorithrix","N","Y","N"
"285","Calothrix_PCC-6303","N","Y","N"
"286","Camelimonas","N","Y","N"
"287","Candida-Lodderomyces_clade","N","Y","N"
"288","Candidatus_Actinomarina","N","Y","N"
"289","Candidatus_Alysiosphaera","N","Y","N"
"290","Candidatus_Amoebophilus","N","Y","N"
"291","Candidatus_Anammoximicrobium","N","Y","N"
"292","Candidatus_Arthromitus","N","Y","N"
"293","Candidatus_Bacilloplasma","N","Y","N"
"294","Candidatus_Koribacter","N","Y","N"
"295","Candidatus_Lumbricincola","N","Y","N"
"296","Candidatus_Megaira","N","Y","N"
"297","Candidatus_Nitrocosmicus","N","Y","N"
"298","Candidatus_Nitrosopelagicus","N","Y","N"
"299","Candidatus_Nitrosopumilus","N","Y","N"
"300","Candidatus_Nitrososphaera","N","Y","N"
"301","Candidatus_Phytoplasma","N","Y","N"
"302","Candidatus_Protochlamydia","N","Y","N"
"303","Candidatus_Puniceispirillum","N","Y","N"
"304","Candidatus_Rhabdochlamydia","N","Y","N"
"305","Candidatus_Soleaferrea","N","Y","N"
"306","Candidatus_Solibacter","N","Y","N"
"308","Candidatus_Thiosymbion","N","Y","N"
"309","Candidatus_Udaeobacter","N","Y","N"
"310","Candidatus_Xiphinematobacter","N","Y","N"
"311","Caproiciproducens","N","Y","N"
"312","Carnobacterium","N","Y","N"
"313","Caryophanon","N","Y","N"
"314","Catabacter","N","Y","N"
"315","Catellatospora","N","Y","N"
"316","Catellicoccus","N","Y","N"
"317","Catenococcus","N","Y","N"
"318","Catenuloplanes","N","Y","N"
"319","Caulobacter","N","Y","N"
"320","Caviibacter","N","Y","N"
"321","Cellulomonas","N","Y","N"
"322","Cellulosibacter","N","Y","N"
"323","Cellulosilyticum","N","Y","N"
"324","Cellulosimicrobium","N","Y","N"
"325","Cellvibrio","N","Y","N"
"326","Cerasibacillus","N","Y","N"
"327","Cereibacter","N","Y","N"
"328","Cetobacterium","N","Y","N"
"329","Chelativorans","N","Y","N"
"330","Chelatococcus","N","Y","N"
"331","Chitinophaga","N","Y","N"
"332","CHKCI002","N","Y","N"
"334","Christensenellaceae_R-7_group","N","Y","N"
"335","Chroococcidiopsis_PCC_7203","N","Y","N"
"336","Chroococcidiopsis_SAG_2023","N","Y","N"
"337","Chryseobacterium","N","Y","N"
"338","Chthoniobacter","N","Y","N"
"339","Chungangia","N","Y","N"
"340","Citricoccus","N","Y","N"
"341","Clade_Ia","N","Y","N"
"342","Clavibacter","N","Y","N"
"344","Cloacibacterium","N","Y","N"
"345","Clostridioides","N","Y","N"
"346","Clostridium_sensu_stricto_1","N","Y","N"
"347","Clostridium_sensu_stricto_10","N","Y","N"
"348","Clostridium_sensu_stricto_11","N","Y","N"
"349","Clostridium_sensu_stricto_12","N","Y","N"
"350","Clostridium_sensu_stricto_13","N","Y","N"
"351","Clostridium_sensu_stricto_14","N","Y","N"
"352","Clostridium_sensu_stricto_15","N","Y","N"
"353","Clostridium_sensu_stricto_16","N","Y","N"
"354","Clostridium_sensu_stricto_18","N","Y","N"
"355","Clostridium_sensu_stricto_19","N","Y","N"
"356","Clostridium_sensu_stricto_2","N","Y","N"
"357","Clostridium_sensu_stricto_3","N","Y","N"
"358","Clostridium_sensu_stricto_4","N","Y","N"
"359","Clostridium_sensu_stricto_5","N","Y","N"
"360","Clostridium_sensu_stricto_6","N","Y","N"
"361","Clostridium_sensu_stricto_7","N","Y","N"
"362","Clostridium_sensu_stricto_8","N","Y","N"
"363","Clostridium_sensu_stricto_9","N","Y","N"
"364","Cnuella","N","Y","N"
"365","Cobetia","N","Y","N"
"366","Cohnella","N","Y","N"
"368","Conexibacter","N","Y","N"
"371","Coprococcus_1","N","Y","N"
"372","Coprococcus_3","N","Y","N"
"373","Corallococcus","N","Y","N"
"374","Coriobacteriaceae_UCG-002","N","Y","N"
"375","Corynebacterium","N","Y","N"
"376","Corynebacterium_1","N","Y","N"
"377","Coxiella","N","Y","N"
"378","Craurococcus","N","Y","N"
"379","Cronobacter","N","Y","N"
"380","Crossiella","N","Y","N"
"381","Cryobacterium","N","Y","N"
"382","Cryptosporangium","N","Y","N"
"383","Cuneatibacter","N","Y","N"
"384","Cupriavidus","N","Y","N"
"385","Curtobacterium","N","Y","N"
"386","Cyanobacterium_CLg1","N","Y","N"
"387","Cyanobium_PCC-6307","N","Y","N"
"388","Cystobacter","N","Y","N"
"389","Dapisostemonum_CCIBt_3536","N","Y","N"
"390","Defluviicoccus","N","Y","N"
"391","Defluviitalea","N","Y","N"
"392","Defluviitaleaceae_UCG-011","N","Y","N"
"393","Deinococcus","N","Y","N"
"394","Delftia","N","Y","N"
"395","Demequina","N","Y","N"
"396","Demetria","N","Y","N"
"397","Denitrobacterium","N","Y","N"
"398","Dermacoccus","N","Y","N"
"399","Desemzia","N","Y","N"
"400","Desulfatitalea","N","Y","N"
"401","Desulfitibacter","N","Y","N"
"402","Desulfitobacterium","N","Y","N"
"403","Desulfobacca","N","Y","N"
"404","Desulfobulbus","N","Y","N"
"405","Desulfofustis","N","Y","N"
"406","Desulfomonile","N","Y","N"
"407","Desulfonispora","N","Y","N"
"408","Desulfopila","N","Y","N"
"409","Desulfosporosinus","N","Y","N"
"410","Desulfotomaculum","N","Y","N"
"412","Desulfovirga","N","Y","N"
"413","Desulfuribacillus","N","Y","N"
"414","Desulfurispora","N","Y","N"
"415","Devosia","N","Y","N"
"418","Dietzia","N","Y","N"
"419","Dinghuibacter","N","Y","N"
"420","Dioszegia","N","Y","N"
"421","Diplorickettsia","N","Y","N"
"422","DMER64","N","Y","N"
"423","DNF00809","N","Y","N"
"424","Domibacillus","N","Y","N"
"425","Dongia","N","Y","N"
"427","DSSF69","N","Y","N"
"428","DTU089","N","Y","N"
"429","Dubosiella","N","Y","N"
"430","Duganella","N","Y","N"
"431","Dyadobacter","N","Y","N"
"432","Dyella","N","Y","N"
"433","Dysgonomonas","N","Y","N"
"434","Edaphobacter","N","Y","N"
"435","Effusibacillus","N","Y","N"
"437","Egicoccus","N","Y","N"
"439","Ellin6055","N","Y","N"
"440","Ellin6067","N","Y","N"
"441","endosymbionts8","N","Y","N"
"442","Enhydrobacter","N","Y","N"
"443","Ensifer","N","Y","N"
"444","Enteractinococcus","N","Y","N"
"445","Enterobacter","N","Y","N"
"448","Epulopiscium","N","Y","N"
"449","Erwinia","N","Y","N"
"451","Erysipelothrix","N","Y","N"
"452","Erysipelotrichaceae_UCG-002","N","Y","N"
"453","Erysipelotrichaceae_UCG-003","N","Y","N"
"454","Escherichia/Shigella","N","Y","N"
"455","Ethanoligenens","N","Y","N"
"457","Euzebya","N","Y","N"
"458","Exiguobacterium","N","Y","N"
"459","Facklamia","N","Y","N"
"461","Faecalibaculum","N","Y","N"
"463","Falsochrobactrum","N","Y","N"
"464","Family_XIII_AD3011_group","N","Y","N"
"465","Family_XIII_UCG-001","N","Y","N"
"466","FCPS473","N","Y","N"
"467","Fermentimonas","N","Y","N"
"468","Fictibacillus","N","Y","N"
"469","Filimonas","N","Y","N"
"470","Filobasidium","N","Y","N"
"471","Filomicrobium","N","Y","N"
"472","Fimbriiglobus","N","Y","N"
"473","Flaviflexus","N","Y","N"
"474","Flavisolibacter","N","Y","N"
"475","Flavobacterium","N","Y","N"
"477","Flexibacter","N","Y","N"
"478","Flexivirga","N","Y","N"
"479","Fluviicola","N","Y","N"
"480","Fodinicola","N","Y","N"
"481","Fontibacillus","N","Y","N"
"482","Fonticella","N","Y","N"
"483","Fournierella","N","Y","N"
"484","Friedmanniella","N","Y","N"
"485","Frigoribacterium","N","Y","N"
"486","Frondihabitans","N","Y","N"
"487","FukuN57","N","Y","N"
"490","g_unclassified_0319-6G20","N","Y","N"
"491","g_unclassified_67-14","N","Y","N"
"492","g_unclassified_A4b","N","Y","N"
"493","g_unclassified_Acetobacteraceae","N","Y","N"
"494","g_unclassified_Acidobacteriaceae_(Subgroup_1)","N","Y","N"
"495","g_unclassified_Actinomycetaceae","N","Y","N"
"496","g_unclassified_AEGEAN-169_marine_group","N","Y","N"
"497","g_unclassified_Aerococcaceae","N","Y","N"
"498","g_unclassified_AKIW781","N","Y","N"
"499","g_unclassified_Anaerolineaceae","N","Y","N"
"500","g_unclassified_Archangiaceae","N","Y","N"
"501","g_unclassified_Ardenticatenaceae","N","Y","N"
"502","g_unclassified_Arenicellaceae","N","Y","N"
"503","g_unclassified_Atopobiaceae","N","Y","N"
"504","g_unclassified_Babeliaceae","N","Y","N"
"505","g_unclassified_Bacillaceae","N","Y","N"
"506","g_unclassified_Bacteroidales_UCG-001","N","Y","N"
"507","g_unclassified_Barnesiellaceae","N","Y","N"
"508","g_unclassified_Beijerinckiaceae","N","Y","N"
"509","g_unclassified_Beutenbergiaceae","N","Y","N"
"510","g_unclassified_Bifidobacteriaceae","N","Y","N"
"511","g_unclassified_BIrii41","N","Y","N"
"512","g_unclassified_Blastocatellaceae","N","Y","N"
"513","g_unclassified_Brevibacteriaceae","N","Y","N"
"514","g_unclassified_Burkholderiaceae","N","Y","N"
"515","g_unclassified_Caldilineaceae","N","Y","N"
"516","g_unclassified_Carnobacteriaceae","N","Y","N"
"517","g_unclassified_Cellulomonadaceae","N","Y","N"
"518","g_unclassified_Cellvibrionaceae","N","Y","N"
"519","g_unclassified_Chitinophagaceae","N","Y","N"
"520","g_unclassified_Chlamydiaceae","N","Y","N"
"521","g_unclassified_Chloroflexaceae","N","Y","N"
"522","g_unclassified_Choanephoraceae","N","Y","N"
"523","g_unclassified_Christensenellaceae","N","Y","N"
"524","g_unclassified_Chromatiaceae","N","Y","N"
"525","g_unclassified_Chroococcidiopsaceae","N","Y","N"
"526","g_unclassified_Clade_II","N","Y","N"
"527","g_unclassified_Clostridiaceae_1","N","Y","N"
"528","g_unclassified_Clostridiaceae_2","N","Y","N"
"529","g_unclassified_Clostridiales_vadinBB60_group","N","Y","N"
"530","g_unclassified_Colpodellida_fa","N","Y","N"
"531","g_unclassified_Coriobacteriales_Incertae_Sedis","N","Y","N"
"532","g_unclassified_Corynebacteriaceae","N","Y","N"
"533","g_unclassified_Cryomorphaceae","N","Y","N"
"534","g_unclassified_CWT_CU03-E12","N","Y","N"
"535","g_unclassified_Cyanobiaceae","N","Y","N"
"536","g_unclassified_D05-2","N","Y","N"
"537","g_unclassified_Defluviitaleaceae","N","Y","N"
"538","g_unclassified_Demequinaceae","N","Y","N"
"539","g_unclassified_Dermabacteraceae","N","Y","N"
"540","g_unclassified_Dermacoccaceae","N","Y","N"
"541","g_unclassified_Dermatophilaceae","N","Y","N"
"542","g_unclassified_Desulfarculaceae","N","Y","N"
"543","g_unclassified_Desulfobacteraceae","N","Y","N"
"544","g_unclassified_Desulfobulbaceae","N","Y","N"
"545","g_unclassified_Desulfovibrionaceae","N","Y","N"
"546","g_unclassified_DEV007","N","Y","N"
"547","g_unclassified_Devosiaceae","N","Y","N"
"548","g_unclassified_Diplorickettsiaceae","N","Y","N"
"549","g_unclassified_Eggerthellaceae","N","Y","N"
"550","g_unclassified_Enterobacteriaceae","N","Y","N"
"551","g_unclassified_Enterococcaceae","N","Y","N"
"552","g_unclassified_Erysipelotrichaceae","N","Y","N"
"553","g_unclassified_Eubacteriaceae","N","Y","N"
"554","g_unclassified_Euzebyaceae","N","Y","N"
"555","g_unclassified_f_unclassified_1-20","N","Y","N"
"556","g_unclassified_f_unclassified_11-24","N","Y","N"
"557","g_unclassified_f_unclassified_Acidobacteriales","N","Y","N"
"558","g_unclassified_f_unclassified_Actinomarinales","N","Y","N"
"559","g_unclassified_f_unclassified_ADurb.Bin180","N","Y","N"
"560","g_unclassified_f_unclassified_Arctic97B-4_marine_group","N","Y","N"
"561","g_unclassified_f_unclassified_Ardenticatenales","N","Y","N"
"562","g_unclassified_f_unclassified_Azospirillales","N","Y","N"
"563","g_unclassified_f_unclassified_Babeliales","N","Y","N"
"564","g_unclassified_f_unclassified_Bacillales","N","Y","N"
"565","g_unclassified_f_unclassified_Bacteroidales","N","Y","N"
"566","g_unclassified_f_unclassified_Betaproteobacteriales","N","Y","N"
"567","g_unclassified_f_unclassified_Candidatus_Kaiserbacteria","N","Y","N"
"568","g_unclassified_f_unclassified_Candidatus_Roizmanbacteria","N","Y","N"
"569","g_unclassified_f_unclassified_Candidatus_Uhrbacteria","N","Y","N"
"570","g_unclassified_f_unclassified_CCD24","N","Y","N"
"571","g_unclassified_f_unclassified_Chlamydiales","N","Y","N"
"572","g_unclassified_f_unclassified_Chloroplast","N","Y","N"
"573","g_unclassified_f_unclassified_Clostridiales","N","Y","N"
"574","g_unclassified_f_unclassified_Coriobacteriales","N","Y","N"
"575","g_unclassified_f_unclassified_Corynebacteriales","N","Y","N"
"576","g_unclassified_f_unclassified_EC3","N","Y","N"
"577","g_unclassified_f_unclassified_Elsterales","N","Y","N"
"578","g_unclassified_f_unclassified_EV818SWSAP88","N","Y","N"
"579","g_unclassified_f_unclassified_F9P41300-M23","N","Y","N"
"580","g_unclassified_f_unclassified_Frankiales","N","Y","N"
"581","g_unclassified_f_unclassified_Gaiellales","N","Y","N"
"582","g_unclassified_f_unclassified_Gastranaerophilales","N","Y","N"
"583","g_unclassified_f_unclassified_HOC36","N","Y","N"
"584","g_unclassified_f_unclassified_IMCC26256","N","Y","N"
"585","g_unclassified_f_unclassified_Izimaplasmatales","N","Y","N"
"586","g_unclassified_f_unclassified_JG36-TzT-191","N","Y","N"
"587","g_unclassified_f_unclassified_KF-JG30-C25","N","Y","N"
"588","g_unclassified_f_unclassified_KI89A_clade","N","Y","N"
"589","g_unclassified_f_unclassified_Lactobacillales","N","Y","N"
"590","g_unclassified_f_unclassified_LD1-PB3","N","Y","N"
"591","g_unclassified_f_unclassified_M55-D21","N","Y","N"
"592","g_unclassified_f_unclassified_MBA03","N","Y","N"
"593","g_unclassified_f_unclassified_Micrococcales","N","Y","N"
"594","g_unclassified_f_unclassified_Microtrichales","N","Y","N"
"595","g_unclassified_f_unclassified_Milano-WF1B-44","N","Y","N"
"596","g_unclassified_f_unclassified_Mollicutes_RF39","N","Y","N"
"597","g_unclassified_f_unclassified_Myxococcales","N","Y","N"
"598","g_unclassified_f_unclassified_NB1-j","N","Y","N"
"599","g_unclassified_f_unclassified_Nostocales","N","Y","N"
"600","g_unclassified_f_unclassified_o_unclassified_0319-7L14","N","Y","N"
"601","g_unclassified_f_unclassified_o_unclassified_Acidimicrobiia","N","Y","N"
"602","g_unclassified_f_unclassified_o_unclassified_Actinobacteria","N","Y","N"
"603","g_unclassified_f_unclassified_o_unclassified_Agaricomycetes","N","Y","N"
"604","g_unclassified_f_unclassified_o_unclassified_Alphaproteobacteria","N","Y","N"
"605","g_unclassified_f_unclassified_o_unclassified_Anaerolineae","N","Y","N"
"606","g_unclassified_f_unclassified_o_unclassified_Bacilli","N","Y","N"
"607","g_unclassified_f_unclassified_o_unclassified_Bacteroidia","N","Y","N"
"608","g_unclassified_f_unclassified_o_unclassified_c_unclassified_Actinobacteria","N","Y","N"
"609","g_unclassified_f_unclassified_o_unclassified_c_unclassified_Armatimonadetes","N","Y","N"
"610","g_unclassified_f_unclassified_o_unclassified_c_unclassified_Bacteroidetes","N","Y","N"
"611","g_unclassified_f_unclassified_o_unclassified_c_unclassified_BRC1","N","Y","N"
"612","g_unclassified_f_unclassified_o_unclassified_c_unclassified_Cercozoa","N","Y","N"
"613","g_unclassified_f_unclassified_o_unclassified_c_unclassified_Chloroflexi","N","Y","N"
"614","g_unclassified_f_unclassified_o_unclassified_c_unclassified_Euglenozoa","N","Y","N"
"615","g_unclassified_f_unclassified_o_unclassified_c_unclassified_FBP","N","Y","N"
"616","g_unclassified_f_unclassified_o_unclassified_c_unclassified_FCPU426","N","Y","N"
"617","g_unclassified_f_unclassified_o_unclassified_c_unclassified_Firmicutes","N","Y","N"
"618","g_unclassified_f_unclassified_o_unclassified_c_unclassified_Latescibacteria","N","Y","N"
"619","g_unclassified_f_unclassified_o_unclassified_c_unclassified_Marinimicrobia_(SAR406_clade)","N","Y","N"
"620","g_unclassified_f_unclassified_o_unclassified_c_unclassified_p_unclassified_Bacteria","N","Y","N"
"621","g_unclassified_f_unclassified_o_unclassified_c_unclassified_p_unclassified_Eukaryota","N","Y","N"
"622","g_unclassified_f_unclassified_o_unclassified_c_unclassified_p_unclassified_NA","N","Y","N"
"623","g_unclassified_f_unclassified_o_unclassified_c_unclassified_Proteobacteria","N","Y","N"
"624","g_unclassified_f_unclassified_o_unclassified_c_unclassified_RsaHf231","N","Y","N"
"625","g_unclassified_f_unclassified_o_unclassified_Chloroflexia","N","Y","N"
"626","g_unclassified_f_unclassified_o_unclassified_Clostridia","N","Y","N"
"627","g_unclassified_f_unclassified_o_unclassified_Deltaproteobacteria","N","Y","N"
"628","g_unclassified_f_unclassified_o_unclassified_Gammaproteobacteria","N","Y","N"
"629","g_unclassified_f_unclassified_o_unclassified_Gitt-GS-136","N","Y","N"
"630","g_unclassified_f_unclassified_o_unclassified_JG30-KF-CM66","N","Y","N"
"631","g_unclassified_f_unclassified_o_unclassified_KD4-96","N","Y","N"
"632","g_unclassified_f_unclassified_o_unclassified_LD1-PA32","N","Y","N"
"633","g_unclassified_f_unclassified_o_unclassified_Lineage_IIa","N","Y","N"
"634","g_unclassified_f_unclassified_o_unclassified_Mammalia","N","Y","N"
"635","g_unclassified_f_unclassified_o_unclassified_MB-A2-108","N","Y","N"
"636","g_unclassified_f_unclassified_o_unclassified_Mollicutes","N","Y","N"
"637","g_unclassified_f_unclassified_o_unclassified_OM190","N","Y","N"
"638","g_unclassified_f_unclassified_o_unclassified_Oxyphotobacteria","N","Y","N"
"639","g_unclassified_f_unclassified_o_unclassified_Parcubacteria","N","Y","N"
"640","g_unclassified_f_unclassified_o_unclassified_Pla4_lineage","N","Y","N"
"641","g_unclassified_f_unclassified_o_unclassified_Planctomycetacia","N","Y","N"
"642","g_unclassified_f_unclassified_o_unclassified_RBG-16-55-12","N","Y","N"
"643","g_unclassified_f_unclassified_o_unclassified_S0134_terrestrial_group","N","Y","N"
"644","g_unclassified_f_unclassified_o_unclassified_Sericytochromatia","N","Y","N"
"645","g_unclassified_f_unclassified_o_unclassified_Subgroup_17","N","Y","N"
"646","g_unclassified_f_unclassified_o_unclassified_Subgroup_22","N","Y","N"
"647","g_unclassified_f_unclassified_o_unclassified_Subgroup_6","N","Y","N"
"648","g_unclassified_f_unclassified_o_unclassified_Subgroup_9","N","Y","N"
"649","g_unclassified_f_unclassified_o_unclassified_Thermoleophilia","N","Y","N"
"650","g_unclassified_f_unclassified_o_unclassified_TK10","N","Y","N"
"651","g_unclassified_f_unclassified_o_unclassified_Verrucomicrobiae","N","Y","N"
"652","g_unclassified_f_unclassified_o_unclassified_WCHB1-81","N","Y","N"
"653","g_unclassified_f_unclassified_o_unclassified_WWE3","N","Y","N"
"654","g_unclassified_f_unclassified_OPB41","N","Y","N"
"655","g_unclassified_f_unclassified_PeM15","N","Y","N"
"656","g_unclassified_f_unclassified_Planctomycetales","N","Y","N"
"657","g_unclassified_f_unclassified_PLTA13","N","Y","N"
"658","g_unclassified_f_unclassified_Propionibacteriales","N","Y","N"
"659","g_unclassified_f_unclassified_R7C24","N","Y","N"
"660","g_unclassified_f_unclassified_RCP2-54","N","Y","N"
"661","g_unclassified_f_unclassified_Rhizobiales","N","Y","N"
"662","g_unclassified_f_unclassified_Rhodospirillales","N","Y","N"
"663","g_unclassified_f_unclassified_Rickettsiales","N","Y","N"
"664","g_unclassified_f_unclassified_Rokubacteriales","N","Y","N"
"665","g_unclassified_f_unclassified_S085","N","Y","N"
"666","g_unclassified_f_unclassified_Saccharimonadales","N","Y","N"
"667","g_unclassified_f_unclassified_SAR324_clade(Marine_group_B)","N","Y","N"
"668","g_unclassified_f_unclassified_SAR86_clade","N","Y","N"
"669","g_unclassified_f_unclassified_SBR1031","N","Y","N"
"670","g_unclassified_f_unclassified_Selenomonadales","N","Y","N"
"671","g_unclassified_f_unclassified_SJA-15","N","Y","N"
"672","g_unclassified_f_unclassified_Solirubrobacterales","N","Y","N"
"673","g_unclassified_f_unclassified_Subgroup_2","N","Y","N"
"674","g_unclassified_f_unclassified_Subgroup_7","N","Y","N"
"675","g_unclassified_f_unclassified_Sva0485","N","Y","N"
"676","g_unclassified_f_unclassified_SZB30","N","Y","N"
"677","g_unclassified_f_unclassified_TDNP-Wbc97-11-7-16","N","Y","N"
"678","g_unclassified_f_unclassified_Tremellales","N","Y","N"
"679","g_unclassified_f_unclassified_Vampirovibrionales","N","Y","N"
"680","g_unclassified_f_unclassified_Verrucomicrobiales","N","Y","N"
"681","g_unclassified_f_unclassified_WCHB1-41","N","Y","N"
"682","g_unclassified_f_unclassified_WD260","N","Y","N"
"683","g_unclassified_Family_III","N","Y","N"
"684","g_unclassified_Family_XI","N","Y","N"
"685","g_unclassified_Family_XIII","N","Y","N"
"686","g_unclassified_Family_XIV","N","Y","N"
"687","g_unclassified_Family_XVIII","N","Y","N"
"688","g_unclassified_Filobasidiaceae","N","Y","N"
"689","g_unclassified_Fimbriimonadaceae","N","Y","N"
"690","g_unclassified_Fodinicurvataceae","N","Y","N"
"691","g_unclassified_Geminicoccaceae","N","Y","N"
"692","g_unclassified_Gemmataceae","N","Y","N"
"693","g_unclassified_Gemmatimonadaceae","N","Y","N"
"694","g_unclassified_Gimesiaceae","N","Y","N"
"695","g_unclassified_Glycomycetaceae","N","Y","N"
"696","g_unclassified_Gracilibacteraceae","N","Y","N"
"697","g_unclassified_Halieaceae","N","Y","N"
"698","g_unclassified_Haloferacaceae","N","Y","N"
"699","g_unclassified_Heliobacteriaceae","N","Y","N"
"700","g_unclassified_Holosporaceae","N","Y","N"
"701","g_unclassified_Hyphomonadaceae","N","Y","N"
"702","g_unclassified_Ilumatobacteraceae","N","Y","N"
"703","g_unclassified_Intrasporangiaceae","N","Y","N"
"704","g_unclassified_Isosphaeraceae","N","Y","N"
"705","g_unclassified_JG30-KF-AS9","N","Y","N"
"706","g_unclassified_JG30-KF-CM45","N","Y","N"
"707","g_unclassified_KF-JG30-B3","N","Y","N"
"708","g_unclassified_Kineosporiaceae","N","Y","N"
"709","g_unclassified_Ktedonobacteraceae","N","Y","N"
"710","g_unclassified_Lachnospiraceae","N","Y","N"
"711","g_unclassified_Lactobacillaceae","N","Y","N"
"712","g_unclassified_Leptolyngbyaceae","N","Y","N"
"713","g_unclassified_Leuconostocaceae","N","Y","N"
"714","g_unclassified_Lichtheimiaceae","N","Y","N"
"715","g_unclassified_Limnochordaceae","N","Y","N"
"716","g_unclassified_Longimicrobiaceae","N","Y","N"
"717","g_unclassified_Magnetospirillaceae","N","Y","N"
"718","g_unclassified_Methylacidiphilaceae","N","Y","N"
"719","g_unclassified_Methyloligellaceae","N","Y","N"
"720","g_unclassified_Methylopilaceae","N","Y","N"
"721","g_unclassified_Microbacteriaceae","N","Y","N"
"722","g_unclassified_Micrococcaceae","N","Y","N"
"723","g_unclassified_Microcystaceae","N","Y","N"
"724","g_unclassified_Micromonosporaceae","N","Y","N"
"725","g_unclassified_Micropepsaceae","N","Y","N"
"726","g_unclassified_Microscillaceae","N","Y","N"
"727","g_unclassified_Microtrichaceae","N","Y","N"
"728","g_unclassified_Mitochondria","N","Y","N"
"729","g_unclassified_mle1-27","N","Y","N"
"730","g_unclassified_Moduliflexaceae","N","Y","N"
"731","g_unclassified_Moraxellaceae","N","Y","N"
"732","g_unclassified_MSB-4B10","N","Y","N"
"733","g_unclassified_Muribaculaceae","N","Y","N"
"734","g_unclassified_Mycobacteriaceae","N","Y","N"
"735","g_unclassified_Myxococcaceae","N","Y","N"
"736","g_unclassified_Neisseriaceae","N","Y","N"
"737","g_unclassified_Nitrososphaeraceae","N","Y","N"
"738","g_unclassified_Nocardiaceae","N","Y","N"
"739","g_unclassified_Nocardioidaceae","N","Y","N"
"740","g_unclassified_Nocardiopsaceae","N","Y","N"
"741","g_unclassified_NS7_marine_group","N","Y","N"
"742","g_unclassified_NS9_marine_group","N","Y","N"
"743","g_unclassified_Oligoflexaceae","N","Y","N"
"744","g_unclassified_p-251-o5","N","Y","N"
"745","g_unclassified_P3OB-42","N","Y","N"
"746","g_unclassified_Paenibacillaceae","N","Y","N"
"747","g_unclassified_Paludibacteraceae","N","Y","N"
"748","g_unclassified_Paracaedibacteraceae","N","Y","N"
"749","g_unclassified_Parachlamydiaceae","N","Y","N"
"750","g_unclassified_Pedosphaeraceae","N","Y","N"
"751","g_unclassified_Peptococcaceae","N","Y","N"
"752","g_unclassified_Peptostreptococcaceae","N","Y","N"
"753","g_unclassified_Pirellulaceae","N","Y","N"
"754","g_unclassified_Planococcaceae","N","Y","N"
"755","g_unclassified_Polyangiaceae","N","Y","N"
"756","g_unclassified_Porphyromonadaceae","N","Y","N"
"757","g_unclassified_possible_family_01","N","Y","N"
"758","g_unclassified_Prevotellaceae","N","Y","N"
"759","g_unclassified_Promicromonosporaceae","N","Y","N"
"760","g_unclassified_Propionibacteriaceae","N","Y","N"
"761","g_unclassified_Pseudomonadaceae","N","Y","N"
"762","g_unclassified_Pseudonocardiaceae","N","Y","N"
"763","g_unclassified_Rhizobiaceae","N","Y","N"
"764","g_unclassified_Rhizobiales_Incertae_Sedis","N","Y","N"
"765","g_unclassified_Rhodanobacteraceae","N","Y","N"
"766","g_unclassified_Rhodobacteraceae","N","Y","N"
"767","g_unclassified_Rhodospirillaceae","N","Y","N"
"768","g_unclassified_Rhodothermaceae","N","Y","N"
"769","g_unclassified_Rickettsiaceae","N","Y","N"
"770","g_unclassified_Rikenellaceae","N","Y","N"
"771","g_unclassified_Rubinisphaeraceae","N","Y","N"
"772","g_unclassified_Ruminococcaceae","N","Y","N"
"773","g_unclassified_Saccharimonadaceae","N","Y","N"
"774","g_unclassified_Sandaracinaceae","N","Y","N"
"775","g_unclassified_SAR116_clade","N","Y","N"
"776","g_unclassified_Simkaniaceae","N","Y","N"
"777","g_unclassified_SM2D12","N","Y","N"
"778","g_unclassified_Solirubrobacteraceae","N","Y","N"
"779","g_unclassified_Sphingobacteriaceae","N","Y","N"
"780","g_unclassified_Sphingomonadaceae","N","Y","N"
"781","g_unclassified_Spirosomaceae","N","Y","N"
"782","g_unclassified_Sporichthyaceae","N","Y","N"
"783","g_unclassified_Sporolactobacillaceae","N","Y","N"
"784","g_unclassified_SRB2","N","Y","N"
"785","g_unclassified_Staphylococcaceae","N","Y","N"
"786","g_unclassified_Steroidobacteraceae","N","Y","N"
"787","g_unclassified_Streptococcaceae","N","Y","N"
"788","g_unclassified_Streptomycetaceae","N","Y","N"
"789","g_unclassified_Streptosporangiaceae","N","Y","N"
"790","g_unclassified_Syntrophobacteraceae","N","Y","N"
"791","g_unclassified_Syntrophomonadaceae","N","Y","N"
"792","g_unclassified_Tannerellaceae","N","Y","N"
"793","g_unclassified_Thermoactinomycetaceae","N","Y","N"
"794","g_unclassified_Thermomonosporaceae","N","Y","N"
"795","g_unclassified_URHD0088","N","Y","N"
"796","g_unclassified_Veillonellaceae","N","Y","N"
"797","g_unclassified_Vermiphilaceae","N","Y","N"
"798","g_unclassified_Verrucomicrobiaceae","N","Y","N"
"799","g_unclassified_WD2101_soil_group","N","Y","N"
"800","g_unclassified_Xanthobacteraceae","N","Y","N"
"801","g_unclassified_Xanthomonadaceae","N","Y","N"
"802","Gaiella","N","Y","N"
"803","Galbitalea","N","Y","N"
"804","Gallicola","N","Y","N"
"805","Gallionella","N","Y","N"
"806","Garciella","N","Y","N"
"807","Gardnerella","N","Y","N"
"808","Garicola","N","Y","N"
"809","GCA-900066225","N","Y","N"
"810","GCA-900066575","N","Y","N"
"811","GCA-900066755","N","Y","N"
"812","Geminicoccus","N","Y","N"
"813","Gemmata","N","Y","N"
"814","Gemmatirosa","N","Y","N"
"815","Gemmobacter","N","Y","N"
"816","Geobacillus","N","Y","N"
"817","Geobacter","N","Y","N"
"818","Geodermatophilus","N","Y","N"
"819","Geomicrobium","N","Y","N"
"820","Georgenia","N","Y","N"
"821","Gimesia","N","Y","N"
"822","Globicatella","N","Y","N"
"823","Gluconobacter","N","Y","N"
"824","Glutamicibacter","N","Y","N"
"825","Glycomyces","N","Y","N"
"826","Gordonia","N","Y","N"
"828","Gottschalkia","N","Y","N"
"829","Gracilibacillus","N","Y","N"
"830","Gracilibacter","N","Y","N"
"831","Granulicella","N","Y","N"
"832","Gulosibacter","N","Y","N"
"833","Haematomicrobium","N","Y","N"
"835","Haliangium","N","Y","N"
"836","Haloactinobacterium","N","Y","N"
"837","Haloactinopolyspora","N","Y","N"
"838","Halobacillus","N","Y","N"
"839","Halocella","N","Y","N"
"840","Halochromatium","N","Y","N"
"841","Halomonas","N","Y","N"
"842","Haloplasma","N","Y","N"
"843","Hannaella","N","Y","N"
"845","Hathewaya","N","Y","N"
"846","Hazenella","N","Y","N"
"847","Helcobacillus","N","Y","N"
"848","Helcococcus","N","Y","N"
"849","Herbiconiux","N","Y","N"
"850","Herbidospora","N","Y","N"
"851","Herbinix","N","Y","N"
"852","Herminiimonas","N","Y","N"
"853","Hespellia","N","Y","N"
"854","Hirschia","N","Y","N"
"856","Holtermanniella","N","Y","N"
"857","Howardella","N","Y","N"
"858","Humibacter","N","Y","N"
"859","Humitalea","N","Y","N"
"861","Hydrogenibacillus","N","Y","N"
"862","Hydrogenispora","N","Y","N"
"863","Hydrogenoanaerobacterium","N","Y","N"
"864","Hydrogenophaga","N","Y","N"
"865","Hymenobacter","N","Y","N"
"866","Hyphomicrobium","N","Y","N"
"867","Iamia","N","Y","N"
"868","Ignatzschineria","N","Y","N"
"869","Ignavigranum","N","Y","N"
"870","Ileibacterium","N","Y","N"
"871","Ilumatobacter","N","Y","N"
"872","IMCC26207","N","Y","N"
"873","Imtechella","N","Y","N"
"874","Incertae_Sedis","N","Y","N"
"875","Inquilinus","N","Y","N"
"878","Intrasporangium","N","Y","N"
"879","Isobaculum","N","Y","N"
"880","Isoptericola","N","Y","N"
"881","Janibacter","N","Y","N"
"882","Janthinobacterium","N","Y","N"
"883","Jatrophihabitans","N","Y","N"
"884","JCM_18997","N","Y","N"
"885","Jeotgalibaca","N","Y","N"
"886","Jeotgalibacillus","N","Y","N"
"887","Jeotgalicoccus","N","Y","N"
"888","JGI_0001001-H03","N","Y","N"
"889","Jonesia","N","Y","N"
"890","Kaistia","N","Y","N"
"891","Kandleria","N","Y","N"
"892","Kineococcus","N","Y","N"
"893","Kineosphaera","N","Y","N"
"894","Kineosporia","N","Y","N"
"896","Knoellia","N","Y","N"
"897","Kocuria","N","Y","N"
"898","Kondoa","N","Y","N"
"899","Kosakonia","N","Y","N"
"900","Kribbella","N","Y","N"
"901","Kroppenstedtia","N","Y","N"
"902","Kurthia","N","Y","N"
"903","Kyrpidia","N","Y","N"
"904","Labrenzia","N","Y","N"
"905","Laceyella","N","Y","N"
"907","Lachnoclostridium_10","N","Y","N"
"908","Lachnoclostridium_12","N","Y","N"
"909","Lachnoclostridium_5","N","Y","N"
"911","Lachnospiraceae_FCS020_group","N","Y","N"
"912","Lachnospiraceae_FE2018_group","N","Y","N"
"913","Lachnospiraceae_NC2004_group","N","Y","N"
"914","Lachnospiraceae_ND3007_group","N","Y","N"
"915","Lachnospiraceae_NK3A20_group","N","Y","N"
"916","Lachnospiraceae_NK4A136_group","N","Y","N"
"917","Lachnospiraceae_NK4B4_group","N","Y","N"
"918","Lachnospiraceae_UCG-001","N","Y","N"
"919","Lachnospiraceae_UCG-004","N","Y","N"
"920","Lachnospiraceae_UCG-006","N","Y","N"
"921","Lachnospiraceae_UCG-007","N","Y","N"
"922","Lachnospiraceae_UCG-008","N","Y","N"
"923","Lachnospiraceae_UCG-009","N","Y","N"
"924","Lachnospiraceae_UCG-010","N","Y","N"
"928","Lapillicoccus","N","Y","N"
"929","Larkinella","N","Y","N"
"930","Lautropia","N","Y","N"
"932","LD29","N","Y","N"
"933","Lechevalieria","N","Y","N"
"934","Legionella","N","Y","N"
"935","Leifsonia","N","Y","N"
"936","Leptolyngbya_PCC-6306","N","Y","N"
"937","Leucobacter","N","Y","N"
"938","Leuconostoc","N","Y","N"
"939","Lichtheimia","N","Y","N"
"940","Limnochorda","N","Y","N"
"941","Limnohabitans","N","Y","N"
"942","Listeria","N","Y","N"
"943","Litoricola","N","Y","N"
"944","Longispora","N","Y","N"
"945","Luedemannella","N","Y","N"
"946","Luminiphilus","N","Y","N"
"947","Luteibacter","N","Y","N"
"948","Luteimicrobium","N","Y","N"
"949","Luteimonas","N","Y","N"
"950","Luteolibacter","N","Y","N"
"951","Lutispora","N","Y","N"
"952","Lysinibacillus","N","Y","N"
"953","Lysobacter","N","Y","N"
"954","Macrococcus","N","Y","N"
"955","Marinimicrobium","N","Y","N"
"956","Marinococcus","N","Y","N"
"957","Marmoricola","N","Y","N"
"959","Massilia","N","Y","N"
"962","Melghirimyces","N","Y","N"
"963","Melissococcus","N","Y","N"
"964","Merdibacter","N","Y","N"
"965","Mesorhizobium","N","Y","N"
"966","Methanobacterium","N","Y","N"
"970","Methylobacterium","N","Y","N"
"971","Methylocaldum","N","Y","N"
"972","Methyloceanibacter","N","Y","N"
"973","Methylocella","N","Y","N"
"974","Methylocystis","N","Y","N"
"975","Methyloparacoccus","N","Y","N"
"976","Methylophilus","N","Y","N"
"977","Methylopila","N","Y","N"
"978","Methylorosula","N","Y","N"
"979","Methylotenera","N","Y","N"
"980","Microbacterium","N","Y","N"
"981","Microbispora","N","Y","N"
"982","Microbulbifer","N","Y","N"
"983","Micrococcus","N","Y","N"
"984","Micromonospora","N","Y","N"
"985","Microvirga","N","Y","N"
"986","Millisia","N","Y","N"
"987","Mobilicoccus","N","Y","N"
"988","Mobilitalea","N","Y","N"
"989","Modestobacter","N","Y","N"
"990","Mogibacterium","N","Y","N"
"991","Moheibacter","N","Y","N"
"992","Moraxella","N","Y","N"
"993","Morganella","N","Y","N"
"994","Mucilaginibacter","N","Y","N"
"995","Mucinivorans","N","Y","N"
"996","Mucor","N","Y","N"
"997","Muribaculum","N","Y","N"
"998","Mycobacterium","N","Y","N"
"999","Mycoplana","N","Y","N"
"1000","Mycoplasma","N","Y","N"
"1001","Myroides","N","Y","N"
"1002","Myxococcus","N","Y","N"
"1003","Naganishia","N","Y","N"
"1004","Nakamurella","N","Y","N"
"1005","Nannocystis","N","Y","N"
"1006","Natranaerovirga","N","Y","N"
"1007","Natronincola","N","Y","N"
"1008","Negativibacillus","N","Y","N"
"1009","Neisseria","N","Y","N"
"1010","Neo-b11","N","Y","N"
"1011","Neochlamydia","N","Y","N"
"1012","Neorhizobium","N","Y","N"
"1013","Neoscardovia","N","Y","N"
"1014","Nesterenkonia","N","Y","N"
"1015","Nevskia","N","Y","N"
"1016","Nitrincola","N","Y","N"
"1017","Nitrospira","N","Y","N"
"1018","Nocardia","N","Y","N"
"1019","Nocardioides","N","Y","N"
"1020","Nocardiopsis","N","Y","N"
"1021","Nodularia_PCC-9350","N","Y","N"
"1022","Nonomuraea","N","Y","N"
"1023","Nordella","N","Y","N"
"1024","Nosocomiicoccus","N","Y","N"
"1025","Nostoc_PCC-7524","N","Y","N"
"1026","Novibacillus","N","Y","N"
"1027","Noviherbaspirillum","N","Y","N"
"1028","Novosphingobium","N","Y","N"
"1029","NS4_marine_group","N","Y","N"
"1030","NS5_marine_group","N","Y","N"
"1031","Occallatibacter","N","Y","N"
"1032","Oceanivirga","N","Y","N"
"1033","Oceanobacillus","N","Y","N"
"1034","Ochrobactrum","N","Y","N"
"1036","Oerskovia","N","Y","N"
"1037","OLB12","N","Y","N"
"1038","Oleispira","N","Y","N"
"1039","Oligoflexus","N","Y","N"
"1040","Oligotropha","N","Y","N"
"1041","Olsenella","N","Y","N"
"1042","OM27_clade","N","Y","N"
"1043","OM60(NOR5)_clade","N","Y","N"
"1044","OM75_clade","N","Y","N"
"1045","Opitutus","N","Y","N"
"1046","Ornithinibacillus","N","Y","N"
"1047","Ornithinibacter","N","Y","N"
"1048","Ornithinicoccus","N","Y","N"
"1049","Ornithinimicrobium","N","Y","N"
"1051","Oscillospira","N","Y","N"
"1052","Oxalicibacterium","N","Y","N"
"1054","Oxobacter","N","Y","N"
"1055","Paenarthrobacter","N","Y","N"
"1056","Paenibacillus","N","Y","N"
"1057","Paeniclostridium","N","Y","N"
"1058","Paeniglutamicibacter","N","Y","N"
"1059","Paenisporosarcina","N","Y","N"
"1060","Paenochrobactrum","N","Y","N"
"1061","Pajaroellobacter","N","Y","N"
"1062","Paludibacter","N","Y","N"
"1063","Paludibaculum","N","Y","N"
"1064","Paludisphaera","N","Y","N"
"1065","Papiliotrema","N","Y","N"
"1066","Papillibacter","N","Y","N"
"1068","Paraclostridium","N","Y","N"
"1069","Paracoccus","N","Y","N"
"1070","Parafrigoribacterium","N","Y","N"
"1071","Paraherbaspirillum","N","Y","N"
"1072","Paramesorhizobium","N","Y","N"
"1073","Parasporobacterium","N","Y","N"
"1075","Paratritirachium","N","Y","N"
"1076","Parvibacter","N","Y","N"
"1077","Parviterribacter","N","Y","N"
"1078","Pasteuria","N","Y","N"
"1079","Patulibacter","N","Y","N"
"1080","Paucisalibacillus","N","Y","N"
"1081","Pediococcus","N","Y","N"
"1082","Pedobacter","N","Y","N"
"1083","Pedomicrobium","N","Y","N"
"1084","Pedosphaera","N","Y","N"
"1085","Pelagibacterium","N","Y","N"
"1086","Pelomonas","N","Y","N"
"1087","Pelosinus","N","Y","N"
"1088","Pelotomaculum","N","Y","N"
"1091","Peptostreptococcus","N","Y","N"
"1092","Peredibacter","N","Y","N"
"1094","Phaselicystis","N","Y","N"
"1095","Phenylobacterium","N","Y","N"
"1096","Phocea","N","Y","N"
"1097","Photobacterium","N","Y","N"
"1098","Phreatobacter","N","Y","N"
"1099","Phyllobacterium","N","Y","N"
"1100","Phytoactinopolyspora","N","Y","N"
"1101","Phytohabitans","N","Y","N"
"1102","Pir4_lineage","N","Y","N"
"1103","Pirellula","N","Y","N"
"1104","Planctomicrobium","N","Y","N"
"1105","Planifilum","N","Y","N"
"1106","Planktomarina","N","Y","N"
"1107","Planktotalea","N","Y","N"
"1108","Planktothrix_NIVA-CYA_15","N","Y","N"
"1109","Planococcus","N","Y","N"
"1110","Planomicrobium","N","Y","N"
"1111","Plantibacter","N","Y","N"
"1112","Plastorhodobacter","N","Y","N"
"1113","Pleomorphomonas","N","Y","N"
"1114","Pleurocapsa_PCC-7319","N","Y","N"
"1115","Plot4-2H12","N","Y","N"
"1116","Pluralibacter","N","Y","N"
"1117","PMMR1","N","Y","N"
"1118","Polycladomyces","N","Y","N"
"1119","possible_genus_04","N","Y","N"
"1120","Prauserella","N","Y","N"
"1121","Prevotella_6","N","Y","N"
"1122","Prevotella_7","N","Y","N"
"1123","Prevotellaceae_Ga6A1_group","N","Y","N"
"1124","Prevotellaceae_NK3B31_group","N","Y","N"
"1125","Promicromonospora","N","Y","N"
"1126","Propionispora","N","Y","N"
"1127","Proteiniborus","N","Y","N"
"1128","Proteiniclasticum","N","Y","N"
"1129","Proteiniphilum","N","Y","N"
"1130","Proteocatella","N","Y","N"
"1131","Pseudactinotalea","N","Y","N"
"1132","Pseudaminobacter","N","Y","N"
"1133","Pseudarthrobacter","N","Y","N"
"1134","Pseudochrobactrum","N","Y","N"
"1135","Pseudocitrobacter","N","Y","N"
"1136","Pseudoclavibacter","N","Y","N"
"1137","Pseudoflavitalea","N","Y","N"
"1139","Pseudogracilibacillus","N","Y","N"
"1140","Pseudohongiella","N","Y","N"
"1141","Pseudolabrys","N","Y","N"
"1143","Pseudonocardia","N","Y","N"
"1144","Pseudophaeobacter","N","Y","N"
"1145","Pseudorhizobium","N","Y","N"
"1146","Pseudorhodoferax","N","Y","N"
"1147","Pseudorhodoplanes","N","Y","N"
"1148","Pseudosporangium","N","Y","N"
"1149","Pseudoxanthomonas","N","Y","N"
"1150","Psychrobacillus","N","Y","N"
"1151","Psychrobacter","N","Y","N"
"1152","Psychroglaciecola","N","Y","N"
"1153","Pullulanibacillus","N","Y","N"
"1154","Pusillimonas","N","Y","N"
"1155","Qipengyuania","N","Y","N"
"1156","Quadrisphaera","N","Y","N"
"1157","Ralstonia","N","Y","N"
"1158","Raoultibacter","N","Y","N"
"1159","Rathayibacter","N","Y","N"
"1160","RB41","N","Y","N"
"1161","Renibacterium","N","Y","N"
"1162","Reyranella","N","Y","N"
"1163","Rhizobacter","N","Y","N"
"1164","Rhizocola","N","Y","N"
"1165","Rhizopus","N","Y","N"
"1166","Rhodobacter","N","Y","N"
"1167","Rhodococcus","N","Y","N"
"1168","Rhodomicrobium","N","Y","N"
"1169","Rhodopila","N","Y","N"
"1170","Rhodopirellula","N","Y","N"
"1171","Rhodoplanes","N","Y","N"
"1172","Rhodopseudomonas","N","Y","N"
"1173","Rhodospirillum","N","Y","N"
"1174","Rhodotorula","N","Y","N"
"1175","Rickettsia","N","Y","N"
"1176","Rickettsiella","N","Y","N"
"1177","Risungbinella","N","Y","N"
"1178","Robiginitalea","N","Y","N"
"1179","Robinsoniella","N","Y","N"
"1182","Roseibacillus","N","Y","N"
"1183","Roseibium","N","Y","N"
"1184","Roseococcus","N","Y","N"
"1185","Roseofilum_AO1-A","N","Y","N"
"1186","Roseomonas","N","Y","N"
"1188","Ruania","N","Y","N"
"1189","Rubellimicrobium","N","Y","N"
"1190","Rubinisphaera","N","Y","N"
"1191","Rubripirellula","N","Y","N"
"1192","Rubrobacter","N","Y","N"
"1193","Rugosimonospora","N","Y","N"
"1194","Ruminiclostridium","N","Y","N"
"1195","Ruminiclostridium_1","N","Y","N"
"1196","Ruminiclostridium_5","N","Y","N"
"1197","Ruminiclostridium_6","N","Y","N"
"1198","Ruminiclostridium_9","N","Y","N"
"1199","Ruminococcaceae_NK4A214_group","N","Y","N"
"1200","Ruminococcaceae_UCG-002","N","Y","N"
"1201","Ruminococcaceae_UCG-003","N","Y","N"
"1202","Ruminococcaceae_UCG-004","N","Y","N"
"1203","Ruminococcaceae_UCG-005","N","Y","N"
"1204","Ruminococcaceae_UCG-007","N","Y","N"
"1205","Ruminococcaceae_UCG-008","N","Y","N"
"1206","Ruminococcaceae_UCG-009","N","Y","N"
"1207","Ruminococcaceae_UCG-010","N","Y","N"
"1208","Ruminococcaceae_UCG-012","N","Y","N"
"1209","Ruminococcaceae_UCG-013","N","Y","N"
"1210","Ruminococcaceae_UCG-014","N","Y","N"
"1211","Ruminococcus_1","N","Y","N"
"1212","Ruminococcus_2","N","Y","N"
"1213","Rummeliibacillus","N","Y","N"
"1214","S31","N","Y","N"
"1215","S5-A14a","N","Y","N"
"1216","Saccharibacillus","N","Y","N"
"1217","Saccharococcus","N","Y","N"
"1218","Saccharofermentans","N","Y","N"
"1219","Saccharomonospora","N","Y","N"
"1220","Saccharomyces","N","Y","N"
"1221","Saccharopolyspora","N","Y","N"
"1222","Salana","N","Y","N"
"1223","Salinarimonas","N","Y","N"
"1224","Salinicoccus","N","Y","N"
"1225","Salinispora","N","Y","N"
"1226","Salipaludibacillus","N","Y","N"
"1227","Salmonella","N","Y","N"
"1228","Sandaracinus","N","Y","N"
"1229","Sanguibacter","N","Y","N"
"1230","Sarcina","N","Y","N"
"1231","Savagea","N","Y","N"
"1232","Sedimentibacter","N","Y","N"
"1233","Sediminihabitans","N","Y","N"
"1234","Sediminivirga","N","Y","N"
"1235","SEEP-SRB1","N","Y","N"
"1236","Seinonella","N","Y","N"
"1238","SH-PL14","N","Y","N"
"1239","Shimazuella","N","Y","N"
"1240","Shinella","N","Y","N"
"1241","Shuttleworthia","N","Y","N"
"1242","Silvanigrella","N","Y","N"
"1243","Singulisphaera","N","Y","N"
"1244","Sinibacillus","N","Y","N"
"1245","Siphonobacter","N","Y","N"
"1246","Skermanella","N","Y","N"
"1248","SN8","N","Y","N"
"1249","Sodalis","N","Y","N"
"1250","Solibacillus","N","Y","N"
"1251","Solirubrobacter","N","Y","N"
"1252","Sorangium","N","Y","N"
"1253","Sphaerobacter","N","Y","N"
"1254","Sphingoaurantiacus","N","Y","N"
"1255","Sphingobacterium","N","Y","N"
"1256","Sphingobium","N","Y","N"
"1257","Sphingomonas","N","Y","N"
"1258","Sphingopyxis","N","Y","N"
"1259","Sporacetigenium","N","Y","N"
"1260","Sporisorium","N","Y","N"
"1261","Sporobacter","N","Y","N"
"1262","Sporobacterium","N","Y","N"
"1263","Sporocytophaga","N","Y","N"
"1264","Sporolactobacillus","N","Y","N"
"1265","Sporomusa","N","Y","N"
"1266","Sporosarcina","N","Y","N"
"1267","Stackebrandtia","N","Y","N"
"1268","Stakelama","N","Y","N"
"1269","Staphylococcus","N","Y","N"
"1270","Starkeya","N","Y","N"
"1271","Stenotrophobacter","N","Y","N"
"1272","Stenotrophomonas","N","Y","N"
"1273","Steroidobacter","N","Y","N"
"1274","Stigmatella","N","Y","N"
"1275","Streptacidiphilus","N","Y","N"
"1277","Streptomonospora","N","Y","N"
"1278","Streptomyces","N","Y","N"
"1279","Streptosporangium","N","Y","N"
"1280","SU2_symbiont_group","N","Y","N"
"1281","Subdoligranulum","N","Y","N"
"1282","Subgroup_10","N","Y","N"
"1283","Subgroup_23","N","Y","N"
"1284","Sulfobacillus","N","Y","N"
"1285","Sulfuricurvum","N","Y","N"
"1286","Sulfurovum","N","Y","N"
"1287","SUP05_cluster","N","Y","N"
"1289","Sva0996_marine_group","N","Y","N"
"1290","Symbiobacterium","N","Y","N"
"1291","Symplocastrum_CPER-KK1","N","Y","N"
"1292","Synechococcus_CC9902","N","Y","N"
"1293","Synechococcus_MBIC10613","N","Y","N"
"1294","Syntrophaceticus","N","Y","N"
"1295","Syntrophobacter","N","Y","N"
"1296","Syntrophomonas","N","Y","N"
"1297","Syntrophothermus","N","Y","N"
"1298","SZB85","N","Y","N"
"1299","Tahibacter","N","Y","N"
"1300","Taibaiella","N","Y","N"
"1301","Tardiphaga","N","Y","N"
"1302","Tatumella","N","Y","N"
"1303","Tenacibaculum","N","Y","N"
"1304","Tepidanaerobacter","N","Y","N"
"1305","Tepidimicrobium","N","Y","N"
"1306","Tepidimonas","N","Y","N"
"1307","Terrabacter","N","Y","N"
"1308","Terracidiphilus","N","Y","N"
"1309","Terribacillus","N","Y","N"
"1310","Terrimicrobium","N","Y","N"
"1311","Terrisporobacter","N","Y","N"
"1312","Tersicoccus","N","Y","N"
"1313","Tetragenococcus","N","Y","N"
"1314","Thauera","N","Y","N"
"1315","Thermaerobacter","N","Y","N"
"1316","Thermasporomyces","N","Y","N"
"1317","Thermicanus","N","Y","N"
"1318","Thermincola","N","Y","N"
"1319","Thermoactinomyces","N","Y","N"
"1320","Thermoanaerobacterium","N","Y","N"
"1321","Thermobacillus","N","Y","N"
"1322","Thermobifida","N","Y","N"
"1323","Thermobispora","N","Y","N"
"1324","Thermoflavimicrobium","N","Y","N"
"1325","Thermomonas","N","Y","N"
"1326","Thermomonospora","N","Y","N"
"1327","Thermopolyspora","N","Y","N"
"1328","Thermosipho","N","Y","N"
"1329","Thermovirga","N","Y","N"
"1330","Thiocapsa","N","Y","N"
"1331","Thiohalocapsa","N","Y","N"
"1332","Thiohalomonas","N","Y","N"
"1333","Thiorhodococcus","N","Y","N"
"1334","Timonella","N","Y","N"
"1335","Tissierella","N","Y","N"
"1336","Treponema_2","N","Y","N"
"1337","Trichococcus","N","Y","N"
"1338","Tropicimonas","N","Y","N"
"1339","Truepera","N","Y","N"
"1340","Tsukamurella","N","Y","N"
"1341","Tuberibacillus","N","Y","N"
"1342","Tumebacillus","N","Y","N"
"1344","Tychonema_CCAP_1459-11B","N","Y","N"
"1346","Tyzzerella_3","N","Y","N"
"1347","Tyzzerella_4","N","Y","N"
"1348","UBA1819","N","Y","N"
"1349","UC5-1-2E3","N","Y","N"
"1350","Ureibacillus","N","Y","N"
"1351","Vagococcus","N","Y","N"
"1352","Variovorax","N","Y","N"
"1354","Verrucosispora","N","Y","N"
"1355","Verticia","N","Y","N"
"1356","Vibrio","N","Y","N"
"1358","Virgibacillus","N","Y","N"
"1359","Virgisporangium","N","Y","N"
"1360","Viridibacillus","N","Y","N"
"1361","Vishniacozyma","N","Y","N"
"1362","Vogesella","N","Y","N"
"1363","Vulgatibacter","N","Y","N"
"1364","W15","N","Y","N"
"1365","W5","N","Y","N"
"1366","W5053","N","Y","N"
"1367","Waddlia","N","Y","N"
"1368","Weissella","N","Y","N"
"1369","Williamsia","N","Y","N"
"1370","Woeseia","N","Y","N"
"1371","Xanthobacter","N","Y","N"
"1372","Xanthomonas","N","Y","N"
"1373","XBB1006","N","Y","N"
"1374","Xylophilus","N","Y","N"
"1375","Yaniella","N","Y","N"
"1376","Yonghaparkia","N","Y","N"
"1377","Yuhushiella","N","Y","N"
"1378","Zavarzinella","N","Y","N"
"1379","ZOR0006","N","Y","N"
